-- --------------------------------------------------------
-- Host:                         127.0.0.1
-- Server version:               5.5.27 - MySQL Community Server (GPL)
-- Server OS:                    Win32
-- HeidiSQL version:             7.0.0.4053
-- Date/time:                    2013-02-21 22:35:55
-- --------------------------------------------------------

/*!40101 SET @OLD_CHARACTER_SET_CLIENT=@@CHARACTER_SET_CLIENT */;
/*!40101 SET NAMES utf8 */;
/*!40014 SET FOREIGN_KEY_CHECKS=0 */;

-- Dumping structure for table bjois_advert.admin_user
DROP TABLE IF EXISTS `admin_user`;
CREATE TABLE IF NOT EXISTS `admin_user` (
  `id` int(10) unsigned NOT NULL AUTO_INCREMENT COMMENT 'User ID',
  `firstname` varchar(30) DEFAULT NULL COMMENT 'User First Name',
  `lastname` varchar(30) DEFAULT NULL COMMENT 'User Last Name',
  `user_type` enum('admin','superadmin','staff') NOT NULL DEFAULT 'admin',
  `email` varchar(30) DEFAULT NULL COMMENT 'User Email',
  `username` varchar(250) DEFAULT NULL COMMENT 'User Extra Data',
  `password` varchar(150) DEFAULT NULL COMMENT 'User Password',
  `created_at` timestamp NOT NULL DEFAULT CURRENT_TIMESTAMP ON UPDATE CURRENT_TIMESTAMP COMMENT 'User Created Time',
  `updated_at` timestamp NULL DEFAULT NULL COMMENT 'User Modified Time',
  `logdate` timestamp NULL DEFAULT NULL COMMENT 'User Last Login Time',
  `lognum` int(5) unsigned NOT NULL DEFAULT '0' COMMENT 'User Login Number',
  `is_active` enum('1','0') NOT NULL DEFAULT '1' COMMENT 'User Is Active',
  `user_roles` varchar(255) NOT NULL COMMENT 'User Role Ids comma seperated',
  `extra` text COMMENT 'User Extra Data',
  PRIMARY KEY (`id`),
  UNIQUE KEY `email` (`email`)
) ENGINE=InnoDB AUTO_INCREMENT=2 DEFAULT CHARSET=utf8;

-- Dumping data for table bjois_advert.admin_user: ~1 rows (approximately)
/*!40000 ALTER TABLE `admin_user` DISABLE KEYS */;
INSERT INTO `admin_user` (`id`, `firstname`, `lastname`, `user_type`, `email`, `username`, `password`, `created_at`, `updated_at`, `logdate`, `lognum`, `is_active`, `user_roles`, `extra`) VALUES
	(1, 'bhaumik', 'Admin', 'superadmin', 'bhaumik@vikingweb.no', 'admin', '2fa943aa42ca3d97b7a6933c28bb6ee3', '2013-02-10 18:13:11', '2013-02-19 00:31:06', '2011-12-29 14:47:42', 0, '1', '1', 'asdsss');
/*!40000 ALTER TABLE `admin_user` ENABLE KEYS */;


-- Dumping structure for table bjois_advert.bjois_ad
DROP TABLE IF EXISTS `bjois_ad`;
CREATE TABLE IF NOT EXISTS `bjois_ad` (
  `id` int(10) unsigned NOT NULL AUTO_INCREMENT COMMENT 'Advertise Id',
  `user_id` int(10) unsigned NOT NULL DEFAULT '0' COMMENT 'Reference To User Table Id',
  `locality_id` int(10) unsigned DEFAULT '0' COMMENT 'Reference To Locality Table Id',
  `city_id` int(10) unsigned DEFAULT '0' COMMENT 'Reference To Locality Table Id',
  `state_id` int(10) unsigned DEFAULT '0' COMMENT 'Reference To Locality Table Id',
  `category_id` int(10) unsigned DEFAULT '0' COMMENT 'Reference To Category Table Id',
  `title` text COMMENT 'Advertise Title',
  `description` text COMMENT 'Advertise Description',
  `external_video_code` text COMMENT 'embed code',
  `adderss` varchar(255) DEFAULT NULL COMMENT 'address',
  `locality` varchar(255) DEFAULT NULL COMMENT 'locality',
  `amount` decimal(10,2) DEFAULT NULL COMMENT 'Advertise Description',
  `total_views` int(10) DEFAULT NULL COMMENT 'Total Views',
  `total_reply` int(10) NOT NULL DEFAULT '1' COMMENT 'Advertise Is Active',
  `total_likes` int(10) NOT NULL DEFAULT '1' COMMENT 'Advertise Is Active',
  `total_spam_report` int(10) NOT NULL DEFAULT '1' COMMENT 'Advertise Is Active',
  `avg_rate` float(3,2) NOT NULL DEFAULT '1.00' COMMENT 'Advertise Is Active',
  `is_approved` tinyint(1) NOT NULL DEFAULT '1' COMMENT 'Advertise Is Active',
  `created_at` timestamp NULL DEFAULT CURRENT_TIMESTAMP ON UPDATE CURRENT_TIMESTAMP COMMENT 'User Created Time',
  `updated_at` timestamp NULL DEFAULT NULL COMMENT 'User Modified Time',
  `valid_till` timestamp NULL DEFAULT NULL COMMENT 'valid ad till the date max 6 month',
  `satus` tinyint(1) NOT NULL DEFAULT '1' COMMENT 'Advertise Is Active',
  PRIMARY KEY (`id`),
  KEY `FK_bjois_advertise_bjois_users` (`user_id`),
  KEY `FK_bjois_advertise_locality_master` (`locality_id`),
  KEY `FK_bjois_advertise_bjois_category` (`category_id`),
  KEY `FK_bjois_ad_city_master` (`city_id`),
  KEY `FK_bjois_ad_state_master` (`state_id`),
  CONSTRAINT `FK_bjois_advertise_bjois_category` FOREIGN KEY (`category_id`) REFERENCES `bjois_category` (`id`) ON DELETE CASCADE ON UPDATE CASCADE,
  CONSTRAINT `FK_bjois_advertise_bjois_users` FOREIGN KEY (`user_id`) REFERENCES `bjois_users` (`id`) ON DELETE CASCADE ON UPDATE CASCADE,
  CONSTRAINT `FK_bjois_advertise_locality_master` FOREIGN KEY (`locality_id`) REFERENCES `locality_master` (`id`) ON DELETE CASCADE ON UPDATE CASCADE,
  CONSTRAINT `FK_bjois_ad_city_master` FOREIGN KEY (`city_id`) REFERENCES `city_master` (`id`) ON DELETE CASCADE ON UPDATE CASCADE,
  CONSTRAINT `FK_bjois_ad_state_master` FOREIGN KEY (`state_id`) REFERENCES `state_master` (`id`) ON DELETE CASCADE ON UPDATE CASCADE
) ENGINE=InnoDB DEFAULT CHARSET=utf8;

-- Dumping data for table bjois_advert.bjois_ad: ~0 rows (approximately)
/*!40000 ALTER TABLE `bjois_ad` DISABLE KEYS */;
/*!40000 ALTER TABLE `bjois_ad` ENABLE KEYS */;


-- Dumping structure for table bjois_advert.bjois_ad_file
DROP TABLE IF EXISTS `bjois_ad_file`;
CREATE TABLE IF NOT EXISTS `bjois_ad_file` (
  `id` int(10) unsigned NOT NULL AUTO_INCREMENT,
  `ad_id` int(10) unsigned NOT NULL DEFAULT '0',
  `file` varchar(255) DEFAULT NULL,
  `file_size` varchar(255) DEFAULT NULL,
  `file_type` varchar(255) DEFAULT NULL,
  `created_at` timestamp NULL DEFAULT CURRENT_TIMESTAMP ON UPDATE CURRENT_TIMESTAMP COMMENT 'User Created Time',
  `updated_at` timestamp NULL DEFAULT NULL COMMENT 'User Modified Time',
  `status` tinyint(1) DEFAULT NULL,
  PRIMARY KEY (`id`),
  KEY `FK_bjois_ad_file_bjois_ad` (`ad_id`),
  CONSTRAINT `FK_bjois_ad_file_bjois_ad` FOREIGN KEY (`ad_id`) REFERENCES `bjois_ad` (`id`) ON DELETE CASCADE ON UPDATE CASCADE
) ENGINE=InnoDB DEFAULT CHARSET=utf8;

-- Dumping data for table bjois_advert.bjois_ad_file: ~0 rows (approximately)
/*!40000 ALTER TABLE `bjois_ad_file` DISABLE KEYS */;
/*!40000 ALTER TABLE `bjois_ad_file` ENABLE KEYS */;


-- Dumping structure for table bjois_advert.bjois_ad_premium
DROP TABLE IF EXISTS `bjois_ad_premium`;
CREATE TABLE IF NOT EXISTS `bjois_ad_premium` (
  `id` int(10) unsigned NOT NULL AUTO_INCREMENT,
  `ad_id` int(10) unsigned NOT NULL DEFAULT '0',
  PRIMARY KEY (`id`)
) ENGINE=InnoDB DEFAULT CHARSET=utf8;

-- Dumping data for table bjois_advert.bjois_ad_premium: ~0 rows (approximately)
/*!40000 ALTER TABLE `bjois_ad_premium` DISABLE KEYS */;
/*!40000 ALTER TABLE `bjois_ad_premium` ENABLE KEYS */;


-- Dumping structure for table bjois_advert.bjois_ad_rating
DROP TABLE IF EXISTS `bjois_ad_rating`;
CREATE TABLE IF NOT EXISTS `bjois_ad_rating` (
  `id` int(10) unsigned NOT NULL AUTO_INCREMENT,
  `ad_id` int(10) unsigned NOT NULL DEFAULT '0',
  `ad_reply_id` int(10) unsigned DEFAULT '0',
  `user_id` int(10) unsigned NOT NULL DEFAULT '0',
  `rating` int(2) unsigned NOT NULL DEFAULT '0' COMMENT 'rating out of 5',
  `created_at` timestamp NOT NULL DEFAULT CURRENT_TIMESTAMP ON UPDATE CURRENT_TIMESTAMP COMMENT 'User Created Time',
  `updated_at` timestamp NULL DEFAULT NULL COMMENT 'User Modified Time',
  `status` tinyint(1) NOT NULL DEFAULT '0' COMMENT '0=inactive,1=active,2=deleted',
  PRIMARY KEY (`id`),
  KEY `FK_bridge_ad_rate_bjois_ad` (`ad_id`),
  KEY `FK_bridge_ad_rate_bjois_users` (`user_id`),
  KEY `FK_bridge_ad_rating_bjois_ad_reply` (`ad_reply_id`),
  CONSTRAINT `FK_bridge_ad_rate_bjois_ad` FOREIGN KEY (`ad_id`) REFERENCES `bjois_ad` (`id`) ON DELETE CASCADE ON UPDATE CASCADE,
  CONSTRAINT `FK_bridge_ad_rate_bjois_users` FOREIGN KEY (`user_id`) REFERENCES `bjois_users` (`id`) ON DELETE CASCADE ON UPDATE CASCADE,
  CONSTRAINT `FK_bridge_ad_rating_bjois_ad_reply` FOREIGN KEY (`ad_reply_id`) REFERENCES `bjois_ad_reply` (`id`) ON DELETE CASCADE ON UPDATE CASCADE
) ENGINE=InnoDB DEFAULT CHARSET=utf8;

-- Dumping data for table bjois_advert.bjois_ad_rating: ~0 rows (approximately)
/*!40000 ALTER TABLE `bjois_ad_rating` DISABLE KEYS */;
/*!40000 ALTER TABLE `bjois_ad_rating` ENABLE KEYS */;


-- Dumping structure for table bjois_advert.bjois_ad_reply
DROP TABLE IF EXISTS `bjois_ad_reply`;
CREATE TABLE IF NOT EXISTS `bjois_ad_reply` (
  `id` int(10) unsigned NOT NULL AUTO_INCREMENT,
  `parent_id` int(10) unsigned NOT NULL DEFAULT '0',
  `bjois_user_id` int(10) unsigned DEFAULT '0',
  `reply_type_id` int(10) unsigned DEFAULT NULL,
  `user_email` varchar(255) DEFAULT NULL,
  `user_mobile1` varchar(255) DEFAULT NULL,
  `user_mobile2` varchar(255) DEFAULT NULL,
  `bjois_ad_id` int(10) unsigned NOT NULL DEFAULT '0',
  `comments` text,
  `notes` text,
  `is_read` tinyint(1) DEFAULT NULL,
  `is_request` tinyint(1) DEFAULT NULL COMMENT '0=none,1=request,2=response',
  `is_replied` tinyint(1) DEFAULT NULL,
  `created_at` timestamp NULL DEFAULT CURRENT_TIMESTAMP ON UPDATE CURRENT_TIMESTAMP COMMENT 'User Created Time',
  `updated_at` timestamp NULL DEFAULT NULL COMMENT 'User Modified Time',
  `status` tinyint(1) unsigned DEFAULT NULL,
  PRIMARY KEY (`id`),
  KEY `FK_bjois_ad_reply_admin_user` (`bjois_user_id`),
  KEY `FK_bjois_ad_reply_bjois_master_ad_reply_type` (`reply_type_id`),
  CONSTRAINT `FK_bjois_ad_reply_admin_user` FOREIGN KEY (`bjois_user_id`) REFERENCES `admin_user` (`id`) ON DELETE CASCADE ON UPDATE CASCADE,
  CONSTRAINT `FK_bjois_ad_reply_bjois_master_ad_reply_type` FOREIGN KEY (`reply_type_id`) REFERENCES `bjois_master_ad_reply_type` (`id`) ON DELETE CASCADE ON UPDATE CASCADE
) ENGINE=InnoDB DEFAULT CHARSET=utf8;

-- Dumping data for table bjois_advert.bjois_ad_reply: ~0 rows (approximately)
/*!40000 ALTER TABLE `bjois_ad_reply` DISABLE KEYS */;
/*!40000 ALTER TABLE `bjois_ad_reply` ENABLE KEYS */;


-- Dumping structure for table bjois_advert.bjois_category
DROP TABLE IF EXISTS `bjois_category`;
CREATE TABLE IF NOT EXISTS `bjois_category` (
  `id` int(10) unsigned NOT NULL AUTO_INCREMENT,
  `parent_id` int(10) unsigned DEFAULT '0' COMMENT 'User ID',
  `admin_user_id` int(10) unsigned DEFAULT '0' COMMENT 'User ID',
  `name` varchar(255) NOT NULL,
  `desc` text NOT NULL,
  `created_at` timestamp NULL DEFAULT CURRENT_TIMESTAMP ON UPDATE CURRENT_TIMESTAMP COMMENT 'User Created Time',
  `updated_at` timestamp NULL DEFAULT NULL COMMENT 'User Modified Time',
  `total_impression` int(10) unsigned DEFAULT '0' COMMENT 'Total Impression',
  `total_click` int(10) unsigned DEFAULT '0' COMMENT 'Total Clicks',
  `pos` int(10) unsigned DEFAULT '0' COMMENT 'Positions',
  `is_home_page` tinyint(1) NOT NULL DEFAULT '1',
  `status` int(1) unsigned NOT NULL DEFAULT '0',
  PRIMARY KEY (`id`),
  KEY `FK_vk_category_admin_user` (`admin_user_id`),
  CONSTRAINT `FK_bjois_category_bjois_users` FOREIGN KEY (`admin_user_id`) REFERENCES `admin_user` (`id`) ON DELETE CASCADE ON UPDATE CASCADE
) ENGINE=InnoDB AUTO_INCREMENT=16 DEFAULT CHARSET=latin1 COMMENT='Category of the software product';

-- Dumping data for table bjois_advert.bjois_category: ~15 rows (approximately)
/*!40000 ALTER TABLE `bjois_category` DISABLE KEYS */;
INSERT INTO `bjois_category` (`id`, `parent_id`, `admin_user_id`, `name`, `desc`, `created_at`, `updated_at`, `total_impression`, `total_click`, `pos`, `is_home_page`, `status`) VALUES
	(1, 0, 1, 'Computers', '', '2013-02-21 01:01:51', NULL, 0, 0, 0, 1, 1),
	(2, 0, 1, 'Electronics', '', '2013-02-21 01:02:01', NULL, 0, 0, 0, 1, 1),
	(3, 0, 1, 'Vehicles', '', '2013-02-21 01:02:01', NULL, 0, 0, 0, 1, 1),
	(4, 0, 1, 'Real Estates', '', '2013-02-21 01:02:01', NULL, 0, 0, 0, 1, 1),
	(5, 0, 1, 'Jobs', '', '2013-02-21 01:02:01', NULL, 0, 0, 0, 1, 1),
	(6, 0, 1, 'Services', '', '2013-02-21 01:02:01', NULL, 0, 0, 0, 1, 1),
	(7, 0, 1, 'Home Appliances & Lifestyle', '', '2013-02-21 01:02:01', NULL, 0, 0, 0, 1, 1),
	(8, 0, 1, 'Books and Study Materials', '', '2013-02-21 01:02:01', NULL, 0, 0, 0, 1, 1),
	(9, 0, 1, 'Matrimonial', '', '2013-02-21 01:02:01', NULL, 0, 0, 0, 1, 1),
	(10, 0, 1, 'Events', '', '2013-02-21 01:02:01', NULL, 0, 0, 0, 1, 1),
	(11, 0, 1, 'Entertainment', '', '2013-02-21 01:02:01', NULL, 0, 0, 0, 1, 1),
	(12, 0, 1, 'Pets & Animals', '', '2013-02-21 01:02:01', NULL, 0, 0, 0, 1, 1),
	(13, 0, 1, 'Educations', '', '2013-02-21 01:02:01', NULL, 0, 0, 0, 1, 1),
	(14, 0, 1, 'Machinery & Tools', '', '2013-02-21 01:02:01', NULL, 0, 0, 0, 1, 1),
	(15, 0, 1, 'Apparels', '', '2013-02-21 01:02:01', NULL, 0, 0, 0, 1, 1);
/*!40000 ALTER TABLE `bjois_category` ENABLE KEYS */;


-- Dumping structure for table bjois_advert.bjois_link_tags_ad
DROP TABLE IF EXISTS `bjois_link_tags_ad`;
CREATE TABLE IF NOT EXISTS `bjois_link_tags_ad` (
  `id` int(10) unsigned NOT NULL AUTO_INCREMENT COMMENT 'Link Id',
  `tag_id` int(10) unsigned DEFAULT '0' COMMENT 'Tag Id foreign key to Tag table',
  `ad_id` int(10) unsigned DEFAULT '0' COMMENT 'Advertise Id Foreign Key To Advertise table',
  `created_at` timestamp NULL DEFAULT CURRENT_TIMESTAMP ON UPDATE CURRENT_TIMESTAMP COMMENT 'User Created Time',
  `updated_at` timestamp NULL DEFAULT NULL COMMENT 'User Modified Time',
  `status` tinyint(1) unsigned DEFAULT '0' COMMENT 'status',
  PRIMARY KEY (`id`),
  KEY `FK_bjois_link_tags_advs_bjois_tags` (`tag_id`),
  KEY `FK_bjois_link_tags_advs_bjois_ad` (`ad_id`),
  CONSTRAINT `FK_bjois_link_tags_advs_bjois_ad` FOREIGN KEY (`ad_id`) REFERENCES `bjois_ad` (`id`) ON DELETE CASCADE ON UPDATE CASCADE,
  CONSTRAINT `FK_bjois_link_tags_advs_bjois_tags` FOREIGN KEY (`tag_id`) REFERENCES `bjois_tags` (`id`) ON DELETE CASCADE ON UPDATE CASCADE
) ENGINE=InnoDB DEFAULT CHARSET=utf8;

-- Dumping data for table bjois_advert.bjois_link_tags_ad: ~0 rows (approximately)
/*!40000 ALTER TABLE `bjois_link_tags_ad` DISABLE KEYS */;
/*!40000 ALTER TABLE `bjois_link_tags_ad` ENABLE KEYS */;


-- Dumping structure for table bjois_advert.bjois_master_ad_reply_type
DROP TABLE IF EXISTS `bjois_master_ad_reply_type`;
CREATE TABLE IF NOT EXISTS `bjois_master_ad_reply_type` (
  `id` int(10) unsigned NOT NULL AUTO_INCREMENT,
  `type` varchar(50) DEFAULT NULL,
  `satus` tinyint(1) NOT NULL DEFAULT '0',
  PRIMARY KEY (`id`)
) ENGINE=InnoDB DEFAULT CHARSET=utf8;

-- Dumping data for table bjois_advert.bjois_master_ad_reply_type: ~0 rows (approximately)
/*!40000 ALTER TABLE `bjois_master_ad_reply_type` DISABLE KEYS */;
/*!40000 ALTER TABLE `bjois_master_ad_reply_type` ENABLE KEYS */;


-- Dumping structure for table bjois_advert.bjois_tags
DROP TABLE IF EXISTS `bjois_tags`;
CREATE TABLE IF NOT EXISTS `bjois_tags` (
  `id` int(10) unsigned NOT NULL AUTO_INCREMENT COMMENT 'Tag Id',
  `user_id` int(10) unsigned zerofill DEFAULT '0000000000' COMMENT 'User Id',
  `admin_user_id` int(10) unsigned DEFAULT '0' COMMENT 'User Id',
  `title` varchar(50) DEFAULT NULL COMMENT 'Tag Title',
  `notes` text COMMENT 'Tag Description',
  `created_at` timestamp NULL DEFAULT CURRENT_TIMESTAMP COMMENT 'Tag Created Time',
  `updated_at` timestamp NULL DEFAULT NULL COMMENT 'Tag Updated Time',
  `status` tinyint(1) NOT NULL DEFAULT '0' COMMENT 'status',
  PRIMARY KEY (`id`),
  KEY `FK_bjois_tags_bjois_users` (`user_id`),
  KEY `FK_bjois_tags_admin_user` (`admin_user_id`),
  CONSTRAINT `FK_bjois_tags_admin_user` FOREIGN KEY (`admin_user_id`) REFERENCES `admin_user` (`id`) ON DELETE CASCADE ON UPDATE CASCADE,
  CONSTRAINT `FK_bjois_tags_bjois_users` FOREIGN KEY (`user_id`) REFERENCES `bjois_users` (`id`) ON DELETE CASCADE ON UPDATE CASCADE
) ENGINE=InnoDB DEFAULT CHARSET=utf8;

-- Dumping data for table bjois_advert.bjois_tags: ~0 rows (approximately)
/*!40000 ALTER TABLE `bjois_tags` DISABLE KEYS */;
/*!40000 ALTER TABLE `bjois_tags` ENABLE KEYS */;


-- Dumping structure for table bjois_advert.bjois_users
DROP TABLE IF EXISTS `bjois_users`;
CREATE TABLE IF NOT EXISTS `bjois_users` (
  `id` int(10) unsigned NOT NULL AUTO_INCREMENT COMMENT 'User ID',
  `firstname` varchar(30) DEFAULT NULL COMMENT 'User First Name',
  `lastname` varchar(30) DEFAULT NULL COMMENT 'User Last Name',
  `email` varchar(255) DEFAULT NULL COMMENT 'User Email',
  `password` varchar(255) DEFAULT NULL COMMENT 'User Password',
  `phone` varchar(25) DEFAULT NULL COMMENT 'User Mobile Number',
  `last_login_date` timestamp NULL DEFAULT NULL COMMENT 'User Last Login Time',
  `total_loggedin` int(10) unsigned NOT NULL DEFAULT '0' COMMENT 'User Login Number',
  `toatl_ads` int(10) unsigned NOT NULL DEFAULT '0' COMMENT 'Total Ads post',
  `total_clicks` int(10) unsigned NOT NULL DEFAULT '0' COMMENT 'Total clicks',
  `total_ad_reply` int(10) unsigned NOT NULL DEFAULT '0' COMMENT 'User Ad Reply',
  `toatl_ad_files` int(10) unsigned NOT NULL DEFAULT '0' COMMENT 'User Uploaded files',
  `total_likes` int(10) unsigned NOT NULL DEFAULT '0' COMMENT 'Total Ad Likes',
  `total_amount_ads` decimal(10,2) unsigned NOT NULL DEFAULT '0.00' COMMENT 'Total Amount of Ads he placed',
  `user_roles` varchar(255) NOT NULL COMMENT 'User Role Ids comma seperated',
  `extra` text COMMENT 'User Extra Data',
  `created_at` timestamp NOT NULL DEFAULT CURRENT_TIMESTAMP ON UPDATE CURRENT_TIMESTAMP COMMENT 'User Created Time',
  `updated_at` timestamp NULL DEFAULT NULL COMMENT 'User Modified Time',
  `status` tinyint(1) NOT NULL DEFAULT '0' COMMENT '0=inactive,1=approved,2=pending approval,3=banned,4=deleted',
  PRIMARY KEY (`id`),
  UNIQUE KEY `email` (`email`)
) ENGINE=InnoDB DEFAULT CHARSET=utf8 ROW_FORMAT=COMPACT;

-- Dumping data for table bjois_advert.bjois_users: ~0 rows (approximately)
/*!40000 ALTER TABLE `bjois_users` DISABLE KEYS */;
/*!40000 ALTER TABLE `bjois_users` ENABLE KEYS */;


-- Dumping structure for table bjois_advert.bjois_user_address
DROP TABLE IF EXISTS `bjois_user_address`;
CREATE TABLE IF NOT EXISTS `bjois_user_address` (
  `id` int(10) unsigned NOT NULL AUTO_INCREMENT,
  `user_id` int(10) unsigned NOT NULL DEFAULT '0',
  `title` varchar(255) NOT NULL DEFAULT '0',
  `phone1` varchar(25) DEFAULT NULL COMMENT 'User Mobile Number',
  `phone2` varchar(25) DEFAULT NULL COMMENT 'User Mobile Number',
  `fax` varchar(25) DEFAULT NULL COMMENT 'User Mobile Number',
  `address` varchar(255) DEFAULT NULL,
  `locality_id` int(10) DEFAULT NULL,
  `city_id` int(10) DEFAULT NULL,
  `state_id` int(10) DEFAULT NULL,
  `country_id` int(10) DEFAULT NULL,
  `created_at` timestamp NOT NULL DEFAULT CURRENT_TIMESTAMP ON UPDATE CURRENT_TIMESTAMP COMMENT 'User Created Time',
  `updated_at` timestamp NULL DEFAULT NULL COMMENT 'User Modified Time',
  `status` tinyint(1) NOT NULL DEFAULT '0' COMMENT '0=inactive,1=approved,2=pending approval,3=banned,4=deleted',
  PRIMARY KEY (`id`),
  KEY `FK_bjois_user_address_bjois_users` (`user_id`),
  CONSTRAINT `FK_bjois_user_address_bjois_users` FOREIGN KEY (`user_id`) REFERENCES `bjois_users` (`id`) ON DELETE CASCADE ON UPDATE CASCADE
) ENGINE=InnoDB DEFAULT CHARSET=utf8;

-- Dumping data for table bjois_advert.bjois_user_address: ~0 rows (approximately)
/*!40000 ALTER TABLE `bjois_user_address` DISABLE KEYS */;
/*!40000 ALTER TABLE `bjois_user_address` ENABLE KEYS */;


-- Dumping structure for table bjois_advert.city_master
DROP TABLE IF EXISTS `city_master`;
CREATE TABLE IF NOT EXISTS `city_master` (
  `id` int(11) unsigned NOT NULL AUTO_INCREMENT,
  `name` varchar(100) CHARACTER SET latin1 NOT NULL,
  `state_id` int(11) unsigned NOT NULL DEFAULT '0',
  `state_code` varchar(10) CHARACTER SET latin1 DEFAULT NULL,
  `city_code` varchar(32) CHARACTER SET latin1 DEFAULT NULL,
  `pos` int(10) unsigned DEFAULT '0' COMMENT 'Positions',
  `is_home_page` tinyint(1) NOT NULL DEFAULT '1',
  `status` tinyint(1) NOT NULL DEFAULT '1',
  PRIMARY KEY (`id`),
  KEY `city` (`name`),
  KEY `FK_city_master_state_master` (`state_id`),
  CONSTRAINT `FK_city_master_state_master` FOREIGN KEY (`state_id`) REFERENCES `state_master` (`id`) ON DELETE CASCADE ON UPDATE CASCADE
) ENGINE=InnoDB AUTO_INCREMENT=1025 DEFAULT CHARSET=utf8 ROW_FORMAT=COMPACT;

-- Dumping data for table bjois_advert.city_master: ~530 rows (approximately)
/*!40000 ALTER TABLE `city_master` DISABLE KEYS */;
INSERT INTO `city_master` (`id`, `name`, `state_id`, `state_code`, `city_code`, `pos`, `is_home_page`, `status`) VALUES
	(1, 'North and Middle Andaman', 1475, 'AN', NULL, 0, 0, 1),
	(2, 'South Andaman', 1475, 'AN', NULL, 0, 0, 1),
	(3, 'Nicobar', 1475, 'AN', NULL, 0, 0, 1),
	(4, 'Adilabad', 1476, 'AP', NULL, 0, 0, 1),
	(5, 'Anantapur', 1476, 'AP', NULL, 0, 0, 1),
	(6, 'Chittoor', 1476, 'AP', NULL, 0, 0, 1),
	(7, 'East Godavari', 1476, 'AP', NULL, 0, 0, 1),
	(8, 'Guntur', 1476, 'AP', NULL, 0, 0, 1),
	(9, 'Hyderabad', 1476, 'AP', NULL, 0, 0, 1),
	(10, 'Kadapa', 1476, 'AP', NULL, 0, 0, 1),
	(11, 'Karimnagar', 1476, 'AP', NULL, 0, 0, 1),
	(12, 'Khammam', 1476, 'AP', NULL, 0, 0, 1),
	(13, 'Krishna', 1476, 'AP', NULL, 0, 0, 1),
	(14, 'Kurnool', 1476, 'AP', NULL, 0, 0, 1),
	(15, 'Mahbubnagar', 1476, 'AP', NULL, 0, 0, 1),
	(16, 'Medak', 1476, 'AP', NULL, 0, 0, 1),
	(17, 'Nalgonda', 1476, 'AP', NULL, 0, 0, 1),
	(18, 'Nellore', 1476, 'AP', NULL, 0, 0, 1),
	(19, 'Nizamabad', 1476, 'AP', NULL, 0, 0, 1),
	(20, 'Prakasam', 1476, 'AP', NULL, 0, 0, 1),
	(21, 'Rangareddi', 1476, 'AP', NULL, 0, 0, 1),
	(22, 'Srikakulam', 1476, 'AP', NULL, 0, 0, 1),
	(23, 'Vishakhapatnam', 1476, 'AP', NULL, 0, 0, 1),
	(24, 'Vizianagaram', 1476, 'AP', NULL, 0, 0, 1),
	(25, 'Warangal', 1476, 'AP', NULL, 0, 0, 1),
	(26, 'West Godavari', 1476, 'AP', NULL, 0, 0, 1),
	(27, 'Anjaw', 1477, 'AR', NULL, 0, 0, 1),
	(28, 'Changlang', 1477, 'AR', NULL, 0, 0, 1),
	(29, 'East Kameng', 1477, 'AR', NULL, 0, 0, 1),
	(30, 'Lohit', 1477, 'AR', NULL, 0, 0, 1),
	(31, 'Lower Subansiri', 1477, 'AR', NULL, 0, 0, 1),
	(32, 'Papum Pare', 1477, 'AR', NULL, 0, 0, 1),
	(33, 'Tirap', 1477, 'AR', NULL, 0, 0, 1),
	(34, 'Dibang Valley', 1477, 'AR', NULL, 0, 0, 1),
	(35, 'Upper Subansiri', 1477, 'AR', NULL, 0, 0, 1),
	(36, 'West Kameng', 1477, 'AR', NULL, 0, 0, 1),
	(37, 'Barpeta', 1478, 'AS', NULL, 0, 0, 1),
	(38, 'Bongaigaon', 1478, 'AS', NULL, 0, 0, 1),
	(39, 'Cachar', 1478, 'AS', NULL, 0, 0, 1),
	(40, 'Darrang', 1478, 'AS', NULL, 0, 0, 1),
	(41, 'Dhemaji', 1478, 'AS', NULL, 0, 0, 1),
	(42, 'Dhubri', 1478, 'AS', NULL, 0, 0, 1),
	(43, 'Dibrugarh', 1478, 'AS', NULL, 0, 0, 1),
	(44, 'Goalpara', 1478, 'AS', NULL, 0, 0, 1),
	(45, 'Golaghat', 1478, 'AS', NULL, 0, 0, 1),
	(46, 'Hailakandi', 1478, 'AS', NULL, 0, 0, 1),
	(47, 'Jorhat', 1478, 'AS', NULL, 0, 0, 1),
	(48, 'Karbi Anglong', 1478, 'AS', NULL, 0, 0, 1),
	(49, 'Karimganj', 1478, 'AS', NULL, 0, 0, 1),
	(50, 'Kokrajhar', 1478, 'AS', NULL, 0, 0, 1),
	(51, 'Lakhimpur', 1478, 'AS', NULL, 0, 0, 1),
	(52, 'Marigaon', 1478, 'AS', NULL, 0, 0, 1),
	(53, 'Nagaon', 1478, 'AS', NULL, 0, 0, 1),
	(54, 'Nalbari', 1478, 'AS', NULL, 0, 0, 1),
	(55, 'North Cachar Hills', 1478, 'AS', NULL, 0, 0, 1),
	(56, 'Sibsagar', 1478, 'AS', NULL, 0, 0, 1),
	(57, 'Sonitpur', 1478, 'AS', NULL, 0, 0, 1),
	(58, 'Tinsukia', 1478, 'AS', NULL, 0, 0, 1),
	(59, 'Araria', 1479, 'BI', NULL, 0, 0, 1),
	(60, 'Aurangabad', 1479, 'BI', NULL, 0, 0, 1),
	(61, 'Banka', 1479, 'BI', NULL, 0, 0, 1),
	(62, 'Begusarai', 1479, 'BI', NULL, 0, 0, 1),
	(63, 'Bhagalpur', 1479, 'BI', NULL, 0, 0, 1),
	(64, 'Bhojpur', 1479, 'BI', NULL, 0, 0, 1),
	(65, 'Buxar', 1479, 'BI', NULL, 0, 0, 1),
	(66, 'Darbhanga', 1479, 'BI', NULL, 0, 0, 1),
	(67, 'Purba Champaran', 1479, 'BI', NULL, 0, 0, 1),
	(68, 'Gaya', 1479, 'BI', NULL, 0, 0, 1),
	(69, 'Gopalganj', 1479, 'BI', NULL, 0, 0, 1),
	(70, 'Jamui', 1479, 'BI', NULL, 0, 0, 1),
	(71, 'Jehanabad', 1479, 'BI', NULL, 0, 0, 1),
	(72, 'Khagaria', 1479, 'BI', NULL, 0, 0, 1),
	(73, 'Kishanganj', 1479, 'BI', NULL, 0, 0, 1),
	(74, 'Kaimur', 1479, 'BI', NULL, 0, 0, 1),
	(75, 'Katihar', 1479, 'BI', NULL, 0, 0, 1),
	(76, 'Lakhisarai', 1479, 'BI', NULL, 0, 0, 1),
	(77, 'Madhubani', 1479, 'BI', NULL, 0, 0, 1),
	(78, 'Munger', 1479, 'BI', NULL, 0, 0, 1),
	(79, 'Madhepura', 1479, 'BI', NULL, 0, 0, 1),
	(80, 'Muzaffarpur', 1479, 'BI', NULL, 0, 0, 1),
	(81, 'Nalanda', 1479, 'BI', NULL, 0, 0, 1),
	(82, 'Nawada', 1479, 'BI', NULL, 0, 0, 1),
	(83, 'Patna', 1479, 'BI', NULL, 0, 0, 1),
	(84, 'Purnia', 1479, 'BI', NULL, 0, 0, 1),
	(85, 'Rohtas', 1479, 'BI', NULL, 0, 0, 1),
	(86, 'Saharsa', 1479, 'BI', NULL, 0, 0, 1),
	(87, 'Samastipur', 1479, 'BI', NULL, 0, 0, 1),
	(88, 'Sheohar', 1479, 'BI', NULL, 0, 0, 1),
	(89, 'Sheikhpura', 1479, 'BI', NULL, 0, 0, 1),
	(90, 'Saran', 1479, 'BI', NULL, 0, 0, 1),
	(91, 'Sitamarhi', 1479, 'BI', NULL, 0, 0, 1),
	(92, 'Supaul', 1479, 'BI', NULL, 0, 0, 1),
	(93, 'Siwan', 1479, 'BI', NULL, 0, 0, 1),
	(94, 'Vaishali', 1479, 'BI', NULL, 0, 0, 1),
	(95, 'Pashchim Champaran', 1479, 'BI', NULL, 0, 0, 1),
	(96, 'Bastar', 1480, 'CH', NULL, 0, 0, 1),
	(97, 'Bilaspur', 1480, 'CH', NULL, 0, 0, 1),
	(98, 'Dantewada', 1480, 'CH', NULL, 0, 0, 1),
	(99, 'Dhamtari', 1480, 'CH', NULL, 0, 0, 1),
	(100, 'Durg', 1480, 'CH', NULL, 0, 0, 1),
	(101, 'Jashpur', 1480, 'CH', NULL, 0, 0, 1),
	(102, 'Janjgir-Champa', 1480, 'CH', NULL, 0, 0, 1),
	(103, 'Korba', 1480, 'CH', NULL, 0, 0, 1),
	(104, 'Koriya', 1480, 'CH', NULL, 0, 0, 1),
	(105, 'Kanker', 1480, 'CH', NULL, 0, 0, 1),
	(106, 'Kawardha', 1480, 'CH', NULL, 0, 0, 1),
	(107, 'Mahasamund', 1480, 'CH', NULL, 0, 0, 1),
	(108, 'Raigarh', 1480, 'CH', NULL, 0, 0, 1),
	(109, 'Rajnandgaon', 1480, 'CH', NULL, 0, 0, 1),
	(110, 'Raipur', 1480, 'CH', NULL, 0, 0, 1),
	(111, 'Surguja', 1480, 'CH', NULL, 0, 0, 1),
	(112, 'Diu', 1482, 'DM', NULL, 0, 0, 1),
	(113, 'Daman', 1482, 'DM', NULL, 0, 0, 1),
	(114, 'Central Delhi', 1483, 'DE', NULL, 0, 0, 1),
	(115, 'East Delhi', 1483, 'DE', NULL, 0, 0, 1),
	(116, 'New Delhi', 1483, 'DE', NULL, 0, 0, 1),
	(117, 'North Delhi', 1483, 'DE', NULL, 0, 0, 1),
	(118, 'North East Delhi', 1483, 'DE', NULL, 0, 0, 1),
	(119, 'North West Delhi', 1483, 'DE', NULL, 0, 0, 1),
	(120, 'South Delhi', 1483, 'DE', NULL, 0, 0, 1),
	(121, 'South West Delhi', 1483, 'DE', NULL, 0, 0, 1),
	(122, 'West Delhi', 1483, 'DE', NULL, 0, 0, 1),
	(123, 'North Goa', 1484, 'GO', NULL, 0, 0, 1),
	(124, 'South Goa', 1484, 'GO', NULL, 0, 0, 1),
	(125, 'Ahmedabad', 1485, 'GU', NULL, 0, 0, 1),
	(126, 'Amreli District', 1485, 'GU', NULL, 0, 0, 1),
	(127, 'Anand', 1485, 'GU', NULL, 0, 0, 1),
	(128, 'Banaskantha', 1485, 'GU', NULL, 0, 0, 1),
	(129, 'Bharuch', 1485, 'GU', NULL, 0, 0, 1),
	(130, 'Bhavnagar', 1485, 'GU', NULL, 0, 0, 1),
	(131, 'Dahod', 1485, 'GU', NULL, 0, 0, 1),
	(132, 'The Dangs', 1485, 'GU', NULL, 0, 0, 1),
	(133, 'Gandhinagar', 1485, 'GU', NULL, 0, 0, 1),
	(134, 'Jamnagar', 1485, 'GU', NULL, 0, 0, 1),
	(135, 'Junagadh', 1485, 'GU', NULL, 0, 0, 1),
	(136, 'Kutch', 1485, 'GU', NULL, 0, 0, 1),
	(137, 'Kheda', 1485, 'GU', NULL, 0, 0, 1),
	(138, 'Mehsana', 1485, 'GU', NULL, 0, 0, 1),
	(139, 'Narmada', 1485, 'GU', NULL, 0, 0, 1),
	(140, 'Navsari', 1485, 'GU', NULL, 0, 0, 1),
	(141, 'Patan', 1485, 'GU', NULL, 0, 0, 1),
	(142, 'Panchmahal', 1485, 'GU', NULL, 0, 0, 1),
	(143, 'Porbandar', 1485, 'GU', NULL, 0, 0, 1),
	(144, 'Rajkot', 1485, 'GU', NULL, 0, 0, 1),
	(145, 'Sabarkantha', 1485, 'GU', NULL, 0, 0, 1),
	(146, 'Surendranagar', 1485, 'GU', NULL, 0, 0, 1),
	(147, 'Surat', 1485, 'GU', NULL, 0, 0, 1),
	(148, 'Vadodara', 1485, 'GU', NULL, 0, 0, 1),
	(149, 'Valsad', 1485, 'GU', NULL, 0, 0, 1),
	(150, 'Ambala', 1486, 'HA', NULL, 0, 0, 1),
	(151, 'Bhiwani', 1486, 'HA', NULL, 0, 0, 1),
	(152, 'Faridabad', 1486, 'HA', NULL, 0, 0, 1),
	(153, 'Fatehabad', 1486, 'HA', NULL, 0, 0, 1),
	(154, 'Gurgaon', 1486, 'HA', NULL, 0, 0, 1),
	(155, 'Hissar', 1486, 'HA', NULL, 0, 0, 1),
	(156, 'Jhajjar', 1486, 'HA', NULL, 0, 0, 1),
	(157, 'Jind', 1486, 'HA', NULL, 0, 0, 1),
	(158, 'Karnal', 1486, 'HA', NULL, 0, 0, 1),
	(159, 'Kaithal', 1486, 'HA', NULL, 0, 0, 1),
	(160, 'Kurukshetra', 1486, 'HA', NULL, 0, 0, 1),
	(161, 'Mahendragarh', 1486, 'HA', NULL, 0, 0, 1),
	(162, 'Mewat', 1486, 'HA', NULL, 0, 0, 1),
	(163, 'Panchkula', 1486, 'HA', NULL, 0, 0, 1),
	(164, 'Panipat', 1486, 'HA', NULL, 0, 0, 1),
	(165, 'Rewari', 1486, 'HA', NULL, 0, 0, 1),
	(166, 'Rohtak', 1486, 'HA', NULL, 0, 0, 1),
	(167, 'Sirsa', 1486, 'HA', NULL, 0, 0, 1),
	(168, 'Sonepat', 1486, 'HA', NULL, 0, 0, 1),
	(169, 'Yamuna Nagar', 1486, 'HA', NULL, 0, 0, 1),
	(170, 'Palwal', 1486, 'HA', NULL, 0, 0, 1),
	(171, 'Bilaspur', 1487, 'HP', NULL, 0, 0, 1),
	(172, 'Chamba', 1487, 'HP', NULL, 0, 0, 1),
	(173, 'Hamirpur', 1487, 'HP', NULL, 0, 0, 1),
	(174, 'Kangra', 1487, 'HP', NULL, 0, 0, 1),
	(175, 'Kinnaur', 1487, 'HP', NULL, 0, 0, 1),
	(176, 'Kulu', 1487, 'HP', NULL, 0, 0, 1),
	(177, 'Lahaul and Spiti', 1487, 'HP', NULL, 0, 0, 1),
	(178, 'Mandi', 1487, 'HP', NULL, 0, 0, 1),
	(179, 'Shimla', 1487, 'HP', NULL, 0, 0, 1),
	(180, 'Sirmaur', 1487, 'HP', NULL, 0, 0, 1),
	(181, 'Solan', 1487, 'HP', NULL, 0, 0, 1),
	(182, 'Una', 1487, 'HP', NULL, 0, 0, 1),
	(183, 'Anantnag', 1488, 'JA', NULL, 0, 0, 1),
	(184, 'Badgam', 1488, 'JA', NULL, 0, 0, 1),
	(185, 'Bandipore', 1488, 'JA', NULL, 0, 0, 1),
	(186, 'Baramula', 1488, 'JA', NULL, 0, 0, 1),
	(187, 'Doda', 1488, 'JA', NULL, 0, 0, 1),
	(188, 'Jammu', 1488, 'JA', NULL, 0, 0, 1),
	(189, 'Kargil', 1488, 'JA', NULL, 0, 0, 1),
	(190, 'Kathua', 1488, 'JA', NULL, 0, 0, 1),
	(191, 'Kupwara', 1488, 'JA', NULL, 0, 0, 1),
	(192, 'Leh', 1488, 'JA', NULL, 0, 0, 1),
	(193, 'Poonch', 1488, 'JA', NULL, 0, 0, 1),
	(194, 'Pulwama', 1488, 'JA', NULL, 0, 0, 1),
	(195, 'Rajauri', 1488, 'JA', NULL, 0, 0, 1),
	(196, 'Srinagar', 1488, 'JA', NULL, 0, 0, 1),
	(197, 'Samba', 1488, 'JA', NULL, 0, 0, 1),
	(198, 'Udhampur', 1488, 'JA', NULL, 0, 0, 1),
	(199, 'Bokaro', 3843, 'JH', NULL, 0, 0, 1),
	(200, 'Chatra', 3843, 'JH', NULL, 0, 0, 1),
	(201, 'Deoghar', 3843, 'JH', NULL, 0, 0, 1),
	(202, 'Dhanbad', 3843, 'JH', NULL, 0, 0, 1),
	(203, 'Dumka', 3843, 'JH', NULL, 0, 0, 1),
	(204, 'Purba Singhbhum', 3843, 'JH', NULL, 0, 0, 1),
	(205, 'Garhwa', 3843, 'JH', NULL, 0, 0, 1),
	(206, 'Giridih', 3843, 'JH', NULL, 0, 0, 1),
	(207, 'Godda', 3843, 'JH', NULL, 0, 0, 1),
	(208, 'Gumla', 3843, 'JH', NULL, 0, 0, 1),
	(209, 'Hazaribagh', 3843, 'JH', NULL, 0, 0, 1),
	(210, 'Koderma', 3843, 'JH', NULL, 0, 0, 1),
	(211, 'Lohardaga', 3843, 'JH', NULL, 0, 0, 1),
	(212, 'Pakur', 3843, 'JH', NULL, 0, 0, 1),
	(213, 'Palamu', 3843, 'JH', NULL, 0, 0, 1),
	(214, 'Ranchi', 3843, 'JH', NULL, 0, 0, 1),
	(215, 'Sahibganj', 3843, 'JH', NULL, 0, 0, 1),
	(216, 'Seraikela and Kharsawan', 3843, 'JH', NULL, 0, 0, 1),
	(217, 'Pashchim Singhbhum', 3843, 'JH', NULL, 0, 0, 1),
	(218, 'Ramgarh', 3843, 'JH', NULL, 0, 0, 1),
	(219, 'Bidar', 1489, 'KA', NULL, 0, 0, 1),
	(220, 'Belgaum', 1489, 'KA', NULL, 0, 0, 1),
	(221, 'Bijapur', 1489, 'KA', NULL, 0, 0, 1),
	(222, 'Bagalkot', 1489, 'KA', NULL, 0, 0, 1),
	(223, 'Bellary', 1489, 'KA', NULL, 0, 0, 1),
	(224, 'Bangalore Rural District', 1489, 'KA', NULL, 0, 0, 1),
	(225, 'Bangalore Urban District', 1489, 'KA', NULL, 0, 0, 1),
	(226, 'Chamarajnagar', 1489, 'KA', NULL, 0, 0, 1),
	(227, 'Chikmagalur', 1489, 'KA', NULL, 0, 0, 1),
	(228, 'Chitradurga', 1489, 'KA', NULL, 0, 0, 1),
	(229, 'Davanagere', 1489, 'KA', NULL, 0, 0, 1),
	(230, 'Dharwad', 1489, 'KA', NULL, 0, 0, 1),
	(231, 'Dakshina Kannada', 1489, 'KA', NULL, 0, 0, 1),
	(232, 'Gadag', 1489, 'KA', NULL, 0, 0, 1),
	(233, 'Gulbarga', 1489, 'KA', NULL, 0, 0, 1),
	(234, 'Hassan', 1489, 'KA', NULL, 0, 0, 1),
	(235, 'Haveri District', 1489, 'KA', NULL, 0, 0, 1),
	(236, 'Kodagu', 1489, 'KA', NULL, 0, 0, 1),
	(237, 'Kolar', 1489, 'KA', NULL, 0, 0, 1),
	(238, 'Koppal', 1489, 'KA', NULL, 0, 0, 1),
	(239, 'Mandya', 1489, 'KA', NULL, 0, 0, 1),
	(240, 'Mysore', 1489, 'KA', NULL, 0, 0, 1),
	(241, 'Raichur', 1489, 'KA', NULL, 0, 0, 1),
	(242, 'Shimoga', 1489, 'KA', NULL, 0, 0, 1),
	(243, 'Tumkur', 1489, 'KA', NULL, 0, 0, 1),
	(244, 'Udupi', 1489, 'KA', NULL, 0, 0, 1),
	(245, 'Uttara Kannada', 1489, 'KA', NULL, 0, 0, 1),
	(246, 'Ramanagara', 1489, 'KA', NULL, 0, 0, 1),
	(247, 'Chikballapur', 1489, 'KA', NULL, 0, 0, 1),
	(248, 'Yadagiri', 1489, 'KA', NULL, 0, 0, 1),
	(249, 'Alappuzha', 1490, 'KE', NULL, 0, 0, 1),
	(250, 'Ernakulam', 1490, 'KE', NULL, 0, 0, 1),
	(251, 'Idukki', 1490, 'KE', NULL, 0, 0, 1),
	(252, 'Kollam', 1490, 'KE', NULL, 0, 0, 1),
	(253, 'Kannur', 1490, 'KE', NULL, 0, 0, 1),
	(254, 'Kasaragod', 1490, 'KE', NULL, 0, 0, 1),
	(255, 'Kottayam', 1490, 'KE', NULL, 0, 0, 1),
	(256, 'Kozhikode', 1490, 'KE', NULL, 0, 0, 1),
	(257, 'Malappuram', 1490, 'KE', NULL, 0, 0, 1),
	(258, 'Palakkad', 1490, 'KE', NULL, 0, 0, 1),
	(259, 'Pathanamthitta', 1490, 'KE', NULL, 0, 0, 1),
	(260, 'Thrissur', 1490, 'KE', NULL, 0, 0, 1),
	(261, 'Thiruvananthapuram', 1490, 'KE', NULL, 0, 0, 1),
	(262, 'Wayanad', 1490, 'KE', NULL, 0, 0, 1),
	(263, 'Alirajpur', 1491, 'LI', NULL, 0, 0, 1),
	(264, 'Anuppur', 1491, 'LI', NULL, 0, 0, 1),
	(265, 'Ashok Nagar', 1491, 'LI', NULL, 0, 0, 1),
	(266, 'Balaghat', 1491, 'LI', NULL, 0, 0, 1),
	(267, 'Barwani', 1491, 'LI', NULL, 0, 0, 1),
	(268, 'Betul', 1491, 'LI', NULL, 0, 0, 1),
	(269, 'Bhind', 1491, 'LI', NULL, 0, 0, 1),
	(270, 'Bhopal', 1491, 'LI', NULL, 0, 0, 1),
	(271, 'Burhanpur', 1491, 'LI', NULL, 0, 0, 1),
	(272, 'Chhatarpur', 1491, 'LI', NULL, 0, 0, 1),
	(273, 'Chhindwara', 1491, 'LI', NULL, 0, 0, 1),
	(274, 'Damoh', 1491, 'LI', NULL, 0, 0, 1),
	(275, 'Datia', 1491, 'LI', NULL, 0, 0, 1),
	(276, 'Dewas', 1491, 'LI', NULL, 0, 0, 1),
	(277, 'Dhar', 1491, 'LI', NULL, 0, 0, 1),
	(278, 'Dindori', 1491, 'LI', NULL, 0, 0, 1),
	(279, 'Guna', 1491, 'LI', NULL, 0, 0, 1),
	(280, 'Gwalior', 1491, 'LI', NULL, 0, 0, 1),
	(281, 'Harda', 1491, 'LI', NULL, 0, 0, 1),
	(282, 'Hoshangabad', 1491, 'LI', NULL, 0, 0, 1),
	(283, 'Indore', 1491, 'LI', NULL, 0, 0, 1),
	(284, 'Jabalpur', 1491, 'LI', NULL, 0, 0, 1),
	(285, 'Jhabua', 1491, 'LI', NULL, 0, 0, 1),
	(286, 'Katni', 1491, 'LI', NULL, 0, 0, 1),
	(287, 'Khandwa', 1491, 'LI', NULL, 0, 0, 1),
	(288, 'Khargone', 1491, 'LI', NULL, 0, 0, 1),
	(289, 'Mandla', 1491, 'LI', NULL, 0, 0, 1),
	(290, 'Mandsaur', 1491, 'LI', NULL, 0, 0, 1),
	(291, 'Morena', 1491, 'LI', NULL, 0, 0, 1),
	(292, 'Narsinghpur', 1491, 'LI', NULL, 0, 0, 1),
	(293, 'Neemuch', 1491, 'LI', NULL, 0, 0, 1),
	(294, 'Panna', 1491, 'LI', NULL, 0, 0, 1),
	(295, 'Rewa', 1491, 'LI', NULL, 0, 0, 1),
	(296, 'Rajgarh', 1491, 'LI', NULL, 0, 0, 1),
	(297, 'Ratlam', 1491, 'LI', NULL, 0, 0, 1),
	(298, 'Raisen', 1491, 'LI', NULL, 0, 0, 1),
	(299, 'Sagar', 1491, 'LI', NULL, 0, 0, 1),
	(300, 'Satna', 1491, 'LI', NULL, 0, 0, 1),
	(301, 'Sehore', 1491, 'LI', NULL, 0, 0, 1),
	(302, 'Seoni', 1491, 'LI', NULL, 0, 0, 1),
	(303, 'Shahdol', 1491, 'LI', NULL, 0, 0, 1),
	(304, 'Shajapur', 1491, 'LI', NULL, 0, 0, 1),
	(305, 'Sheopur', 1491, 'LI', NULL, 0, 0, 1),
	(306, 'Shivpuri', 1491, 'LI', NULL, 0, 0, 1),
	(307, 'Sidhi', 1491, 'LI', NULL, 0, 0, 1),
	(308, 'Singrauli', 1491, 'LI', NULL, 0, 0, 1),
	(309, 'Tikamgarh', 1491, 'LI', NULL, 0, 0, 1),
	(310, 'Ujjain', 1491, 'LI', NULL, 0, 0, 1),
	(311, 'Umaria', 1491, 'LI', NULL, 0, 0, 1),
	(312, 'Vidisha', 1491, 'LI', NULL, 0, 0, 1),
	(313, 'Ahmednagar', 1493, 'MA', NULL, 0, 0, 1),
	(314, 'Akola', 1493, 'MA', NULL, 0, 0, 1),
	(315, 'Amrawati', 1493, 'MA', NULL, 0, 0, 1),
	(316, 'Aurangabad', 1493, 'MA', NULL, 0, 0, 1),
	(317, 'Bhandara', 1493, 'MA', NULL, 0, 0, 1),
	(318, 'Beed', 1493, 'MA', NULL, 0, 0, 1),
	(319, 'Buldhana', 1493, 'MA', NULL, 0, 0, 1),
	(320, 'Chandrapur', 1493, 'MA', NULL, 0, 0, 1),
	(321, 'Dhule', 1493, 'MA', NULL, 0, 0, 1),
	(322, 'Gadchiroli', 1493, 'MA', NULL, 0, 0, 1),
	(323, 'Gondiya', 1493, 'MA', NULL, 0, 0, 1),
	(324, 'Hingoli', 1493, 'MA', NULL, 0, 0, 1),
	(325, 'Jalgaon', 1493, 'MA', NULL, 0, 0, 1),
	(326, 'Jalna', 1493, 'MA', NULL, 0, 0, 1),
	(327, 'Kolhapur', 1493, 'MA', NULL, 0, 0, 1),
	(328, 'Latur', 1493, 'MA', NULL, 0, 0, 1),
	(329, 'Mumbai City', 1493, 'MA', NULL, 0, 0, 1),
	(330, 'Mumbai suburban', 1493, 'MA', NULL, 0, 0, 1),
	(331, 'Nandurbar', 1493, 'MA', NULL, 0, 0, 1),
	(332, 'Nanded', 1493, 'MA', NULL, 0, 0, 1),
	(333, 'Nagpur', 1493, 'MA', NULL, 0, 0, 1),
	(334, 'Nashik', 1493, 'MA', NULL, 0, 0, 1),
	(335, 'Osmanabad', 1493, 'MA', NULL, 0, 0, 1),
	(336, 'Parbhani', 1493, 'MA', NULL, 0, 0, 1),
	(337, 'Pune', 1493, 'MA', NULL, 0, 0, 1),
	(338, 'Raigad', 1493, 'MA', NULL, 0, 0, 1),
	(339, 'Ratnagiri', 1493, 'MA', NULL, 0, 0, 1),
	(340, 'Sindhudurg', 1493, 'MA', NULL, 0, 0, 1),
	(341, 'Sangli', 1493, 'MA', NULL, 0, 0, 1),
	(342, 'Solapur', 1493, 'MA', NULL, 0, 0, 1),
	(343, 'Satara', 1493, 'MA', NULL, 0, 0, 1),
	(344, 'Thane', 1493, 'MA', NULL, 0, 0, 1),
	(345, 'Wardha', 1493, 'MA', NULL, 0, 0, 1),
	(346, 'Washim', 1493, 'MA', NULL, 0, 0, 1),
	(347, 'Yavatmal', 1493, 'MA', NULL, 0, 0, 1),
	(348, 'Bishnupur', 1494, 'MN', NULL, 0, 0, 1),
	(349, 'Churachandpur', 1494, 'MN', NULL, 0, 0, 1),
	(350, 'Chandel', 1494, 'MN', NULL, 0, 0, 1),
	(351, 'Imphal East', 1494, 'MN', NULL, 0, 0, 1),
	(352, 'Senapati', 1494, 'MN', NULL, 0, 0, 1),
	(353, 'Tamenglong', 1494, 'MN', NULL, 0, 0, 1),
	(354, 'Thoubal', 1494, 'MN', NULL, 0, 0, 1),
	(355, 'Ukhrul', 1494, 'MN', NULL, 0, 0, 1),
	(356, 'Imphal West', 1494, 'MN', NULL, 0, 0, 1),
	(357, 'East Garo Hills', 1495, 'ME', NULL, 0, 0, 1),
	(358, 'East Khasi Hills', 1495, 'ME', NULL, 0, 0, 1),
	(359, 'Jaintia Hills', 1495, 'ME', NULL, 0, 0, 1),
	(360, 'Ri-Bhoi', 1495, 'ME', NULL, 0, 0, 1),
	(361, 'South Garo Hills', 1495, 'ME', NULL, 0, 0, 1),
	(362, 'West Garo Hills', 1495, 'ME', NULL, 0, 0, 1),
	(363, 'West Khasi Hills', 1495, 'ME', NULL, 0, 0, 1),
	(364, 'Aizawl', 1496, 'MI', NULL, 0, 0, 1),
	(365, 'Champhai', 1496, 'MI', NULL, 0, 0, 1),
	(366, 'Kolasib', 1496, 'MI', NULL, 0, 0, 1),
	(367, 'Lawngtlai', 1496, 'MI', NULL, 0, 0, 1),
	(368, 'Lunglei', 1496, 'MI', NULL, 0, 0, 1),
	(369, 'Mamit', 1496, 'MI', NULL, 0, 0, 1),
	(370, 'Saiha', 1496, 'MI', NULL, 0, 0, 1),
	(371, 'Serchhip', 1496, 'MI', NULL, 0, 0, 1),
	(372, 'Dimapur', 1497, 'NA', NULL, 0, 0, 1),
	(373, 'Kohima', 1497, 'NA', NULL, 0, 0, 1),
	(374, 'Mokokchung', 1497, 'NA', NULL, 0, 0, 1),
	(375, 'Mon', 1497, 'NA', NULL, 0, 0, 1),
	(376, 'Phek', 1497, 'NA', NULL, 0, 0, 1),
	(377, 'Tuensang', 1497, 'NA', NULL, 0, 0, 1),
	(378, 'Wokha', 1497, 'NA', NULL, 0, 0, 1),
	(379, 'Zunheboto', 1497, 'NA', NULL, 0, 0, 1),
	(380, 'Angul', 1498, 'OR', NULL, 0, 0, 1),
	(381, 'Boudh', 1498, 'OR', NULL, 0, 0, 1),
	(382, 'Bhadrak', 1498, 'OR', NULL, 0, 0, 1),
	(383, 'Bolangir', 1498, 'OR', NULL, 0, 0, 1),
	(384, 'Bargarh', 1498, 'OR', NULL, 0, 0, 1),
	(385, 'Baleswar', 1498, 'OR', NULL, 0, 0, 1),
	(386, 'Cuttack', 1498, 'OR', NULL, 0, 0, 1),
	(387, 'Debagarh', 1498, 'OR', NULL, 0, 0, 1),
	(388, 'Dhenkanal', 1498, 'OR', NULL, 0, 0, 1),
	(389, 'Ganjam', 1498, 'OR', NULL, 0, 0, 1),
	(390, 'Gajapati', 1498, 'OR', NULL, 0, 0, 1),
	(391, 'Jharsuguda', 1498, 'OR', NULL, 0, 0, 1),
	(392, 'Jajapur', 1498, 'OR', NULL, 0, 0, 1),
	(393, 'Jagatsinghpur', 1498, 'OR', NULL, 0, 0, 1),
	(394, 'Khordha', 1498, 'OR', NULL, 0, 0, 1),
	(395, 'Kendujhar', 1498, 'OR', NULL, 0, 0, 1),
	(396, 'Kalahandi', 1498, 'OR', NULL, 0, 0, 1),
	(397, 'Kandhamal', 1498, 'OR', NULL, 0, 0, 1),
	(398, 'Koraput', 1498, 'OR', NULL, 0, 0, 1),
	(399, 'Kendrapara', 1498, 'OR', NULL, 0, 0, 1),
	(400, 'Malkangiri', 1498, 'OR', NULL, 0, 0, 1),
	(401, 'Mayurbhanj', 1498, 'OR', NULL, 0, 0, 1),
	(402, 'Nabarangpur', 1498, 'OR', NULL, 0, 0, 1),
	(403, 'Nuapada', 1498, 'OR', NULL, 0, 0, 1),
	(404, 'Nayagarh', 1498, 'OR', NULL, 0, 0, 1),
	(405, 'Puri', 1498, 'OR', NULL, 0, 0, 1),
	(406, 'Rayagada', 1498, 'OR', NULL, 0, 0, 1),
	(407, 'Sambalpur', 1498, 'OR', NULL, 0, 0, 1),
	(408, 'Subarnapur', 1498, 'OR', NULL, 0, 0, 1),
	(409, 'Sundargarh', 1498, 'OR', NULL, 0, 0, 1),
	(410, 'Karaikal', 1499, 'PO', NULL, 0, 0, 1),
	(411, 'Mahe', 1499, 'PO', NULL, 0, 0, 1),
	(412, 'Puducherry', 1499, 'PO', NULL, 0, 0, 1),
	(413, 'Yanam', 1499, 'PO', NULL, 0, 0, 1),
	(414, 'Amritsar', 1500, 'PU', NULL, 0, 0, 1),
	(415, 'Bathinda', 1500, 'PU', NULL, 0, 0, 1),
	(416, 'Firozpur', 1500, 'PU', NULL, 0, 0, 1),
	(417, 'Faridkot', 1500, 'PU', NULL, 0, 0, 1),
	(418, 'Fatehgarh Sahib', 1500, 'PU', NULL, 0, 0, 1),
	(419, 'Gurdaspur', 1500, 'PU', NULL, 0, 0, 1),
	(420, 'Hoshiarpur', 1500, 'PU', NULL, 0, 0, 1),
	(421, 'Jalandhar', 1500, 'PU', NULL, 0, 0, 1),
	(422, 'Kapurthala', 1500, 'PU', NULL, 0, 0, 1),
	(423, 'Ludhiana', 1500, 'PU', NULL, 0, 0, 1),
	(424, 'Mansa', 1500, 'PU', NULL, 0, 0, 1),
	(425, 'Moga', 1500, 'PU', NULL, 0, 0, 1),
	(426, 'Mukatsar', 1500, 'PU', NULL, 0, 0, 1),
	(427, 'Nawan Shehar', 1500, 'PU', NULL, 0, 0, 1),
	(428, 'Patiala', 1500, 'PU', NULL, 0, 0, 1),
	(429, 'Rupnagar', 1500, 'PU', NULL, 0, 0, 1),
	(430, 'Sangrur', 1500, 'PU', NULL, 0, 0, 1),
	(431, 'Ajmer', 1501, 'RA', NULL, 0, 0, 1),
	(432, 'Alwar', 1501, 'RA', NULL, 0, 0, 1),
	(433, 'Bikaner', 1501, 'RA', NULL, 0, 0, 1),
	(434, 'Barmer', 1501, 'RA', NULL, 0, 0, 1),
	(435, 'Banswara', 1501, 'RA', NULL, 0, 0, 1),
	(436, 'Bharatpur', 1501, 'RA', NULL, 0, 0, 1),
	(437, 'Baran', 1501, 'RA', NULL, 0, 0, 1),
	(438, 'Bundi', 1501, 'RA', NULL, 0, 0, 1),
	(439, 'Bhilwara', 1501, 'RA', NULL, 0, 0, 1),
	(440, 'Churu', 1501, 'RA', NULL, 0, 0, 1),
	(441, 'Chittorgarh', 1501, 'RA', NULL, 0, 0, 1),
	(442, 'Dausa', 1501, 'RA', NULL, 0, 0, 1),
	(443, 'Dholpur', 1501, 'RA', NULL, 0, 0, 1),
	(444, 'Dungapur', 1501, 'RA', NULL, 0, 0, 1),
	(445, 'Ganganagar', 1501, 'RA', NULL, 0, 0, 1),
	(446, 'Hanumangarh', 1501, 'RA', NULL, 0, 0, 1),
	(447, 'Juhnjhunun', 1501, 'RA', NULL, 0, 0, 1),
	(448, 'Jalore', 1501, 'RA', NULL, 0, 0, 1),
	(449, 'Jodhpur', 1501, 'RA', NULL, 0, 0, 1),
	(450, 'Jaipur', 1501, 'RA', NULL, 0, 0, 1),
	(451, 'Jaisalmer', 1501, 'RA', NULL, 0, 0, 1),
	(452, 'Jhalawar', 1501, 'RA', NULL, 0, 0, 1),
	(453, 'Karauli', 1501, 'RA', NULL, 0, 0, 1),
	(454, 'Kota', 1501, 'RA', NULL, 0, 0, 1),
	(455, 'Nagaur', 1501, 'RA', NULL, 0, 0, 1),
	(456, 'Pali', 1501, 'RA', NULL, 0, 0, 1),
	(457, 'Pratapgarh', 1501, 'RA', NULL, 0, 0, 1),
	(458, 'Rajsamand', 1501, 'RA', NULL, 0, 0, 1),
	(459, 'Sikar', 1501, 'RA', NULL, 0, 0, 1),
	(460, 'Sawai Madhopur', 1501, 'RA', NULL, 0, 0, 1),
	(461, 'Sirohi', 1501, 'RA', NULL, 0, 0, 1),
	(462, 'Tonk', 1501, 'RA', NULL, 0, 0, 1),
	(463, 'Udaipur', 1501, 'RA', NULL, 0, 0, 1),
	(464, 'East Sikkim', 1502, 'SI', NULL, 0, 0, 1),
	(465, 'North Sikkim', 1502, 'SI', NULL, 0, 0, 1),
	(466, 'South Sikkim', 1502, 'SI', NULL, 0, 0, 1),
	(467, 'West Sikkim', 1502, 'SI', NULL, 0, 0, 1),
	(468, 'Ariyalur', 1503, 'TN', NULL, 0, 0, 1),
	(469, 'Chennai', 1503, 'TN', NULL, 0, 0, 1),
	(470, 'Coimbatore', 1503, 'TN', NULL, 0, 0, 1),
	(471, 'Cuddalore', 1503, 'TN', NULL, 0, 0, 1),
	(472, 'Dharmapuri', 1503, 'TN', NULL, 0, 0, 1),
	(473, 'Dindigul', 1503, 'TN', NULL, 0, 0, 1),
	(474, 'Erode', 1503, 'TN', NULL, 0, 0, 1),
	(475, 'Kanchipuram', 1503, 'TN', NULL, 0, 0, 1),
	(476, 'Kanyakumari', 1503, 'TN', NULL, 0, 0, 1),
	(477, 'Karur', 1503, 'TN', NULL, 0, 0, 1),
	(478, 'Madurai', 1503, 'TN', NULL, 0, 0, 1),
	(479, 'Nagapattinam', 1503, 'TN', NULL, 0, 0, 1),
	(480, 'The Nilgiris', 1503, 'TN', NULL, 0, 0, 1),
	(481, 'Namakkal', 1503, 'TN', NULL, 0, 0, 1),
	(482, 'Perambalur', 1503, 'TN', NULL, 0, 0, 1),
	(483, 'Pudukkottai', 1503, 'TN', NULL, 0, 0, 1),
	(484, 'Ramanathapuram', 1503, 'TN', NULL, 0, 0, 1),
	(485, 'Salem', 1503, 'TN', NULL, 0, 0, 1),
	(486, 'Sivagangai', 1503, 'TN', NULL, 0, 0, 1),
	(487, 'Tiruppur', 1503, 'TN', NULL, 0, 0, 1),
	(488, 'Tiruchirappalli', 1503, 'TN', NULL, 0, 0, 1),
	(489, 'Theni', 1503, 'TN', NULL, 0, 0, 1),
	(490, 'Tirunelveli', 1503, 'TN', NULL, 0, 0, 1),
	(491, 'Thanjavur', 1503, 'TN', NULL, 0, 0, 1),
	(492, 'Thoothukudi', 1503, 'TN', NULL, 0, 0, 1),
	(493, 'Thiruvallur', 1503, 'TN', NULL, 0, 0, 1),
	(494, 'Thiruvarur', 1503, 'TN', NULL, 0, 0, 1),
	(495, 'Tiruvannamalai', 1503, 'TN', NULL, 0, 0, 1),
	(496, 'Vellore', 1503, 'TN', NULL, 0, 0, 1),
	(497, 'Villupuram', 1503, 'TN', NULL, 0, 0, 1),
	(498, 'Dhalai', 1504, 'TR', NULL, 0, 0, 1),
	(499, 'North Tripura', 1504, 'TR', NULL, 0, 0, 1),
	(500, 'South Tripura', 1504, 'TR', NULL, 0, 0, 1),
	(501, 'West Tripura', 1504, 'TR', NULL, 0, 0, 1),
	(502, 'Almora', 1506, 'WB', NULL, 0, 0, 1),
	(503, 'Bageshwar', 1506, 'WB', NULL, 0, 0, 1),
	(504, 'Chamoli', 1506, 'WB', NULL, 0, 0, 1),
	(505, 'Champawat', 1506, 'WB', NULL, 0, 0, 1),
	(506, 'Dehradun', 1506, 'WB', NULL, 0, 0, 1),
	(507, 'Haridwar', 1506, 'WB', NULL, 0, 0, 1),
	(508, 'Nainital', 1506, 'WB', NULL, 0, 0, 1),
	(509, 'Pauri Garhwal', 1506, 'WB', NULL, 0, 0, 1),
	(510, 'Pithoragharh', 1506, 'WB', NULL, 0, 0, 1),
	(511, 'Rudraprayag', 1506, 'WB', NULL, 0, 0, 1),
	(512, 'Tehri Garhwal', 1506, 'WB', NULL, 0, 0, 1),
	(513, 'Udham Singh Nagar', 1506, 'WB', NULL, 0, 0, 1),
	(514, 'Uttarkashi', 1506, 'WB', NULL, 0, 0, 1),
	(515, 'Agra', 1505, 'UP', NULL, 0, 0, 1),
	(516, 'Allahabad', 1505, 'UP', NULL, 0, 0, 1),
	(517, 'Aligarh', 1505, 'UP', NULL, 0, 0, 1),
	(518, 'Ambedkar Nagar', 1505, 'UP', NULL, 0, 0, 1),
	(519, 'Auraiya', 1505, 'UP', NULL, 0, 0, 1),
	(520, 'Azamgarh', 1505, 'UP', NULL, 0, 0, 1),
	(521, 'Barabanki', 1505, 'UP', NULL, 0, 0, 1),
	(522, 'Badaun', 1505, 'UP', NULL, 0, 0, 1),
	(523, 'Bagpat', 1505, 'UP', NULL, 0, 0, 1),
	(524, 'Bahraich', 1505, 'UP', NULL, 0, 0, 1),
	(525, 'Bijnor', 1505, 'UP', NULL, 0, 0, 1),
	(526, 'Ballia', 1505, 'UP', NULL, 0, 0, 1),
	(527, 'Banda', 1505, 'UP', NULL, 0, 0, 1),
	(528, 'Balrampur', 1505, 'UP', NULL, 0, 0, 1),
	(529, 'Bareilly', 1505, 'UP', NULL, 0, 0, 1),
	(530, 'Basti', 1505, 'UP', NULL, 0, 0, 1),
	(531, 'Bulandshahr', 1505, 'UP', NULL, 0, 0, 1),
	(532, 'Chandauli', 1505, 'UP', NULL, 0, 0, 1),
	(533, 'Chitrakoot', 1505, 'UP', NULL, 0, 0, 1),
	(534, 'Deoria', 1505, 'UP', NULL, 0, 0, 1),
	(535, 'Etah', 1505, 'UP', NULL, 0, 0, 1),
	(536, 'Kanshiram Nagar', 1505, 'UP', NULL, 0, 0, 1),
	(537, 'Etawah', 1505, 'UP', NULL, 0, 0, 1),
	(538, 'Firozabad', 1505, 'UP', NULL, 0, 0, 1),
	(539, 'Farrukhabad', 1505, 'UP', NULL, 0, 0, 1),
	(540, 'Fatehpur', 1505, 'UP', NULL, 0, 0, 1),
	(541, 'Faizabad', 1505, 'UP', NULL, 0, 0, 1),
	(542, 'Gautam Buddha Nagar', 1505, 'UP', NULL, 0, 0, 1),
	(543, 'Gonda', 1505, 'UP', NULL, 0, 0, 1),
	(544, 'Ghazipur', 1505, 'UP', NULL, 0, 0, 1),
	(545, 'Gorkakhpur', 1505, 'UP', NULL, 0, 0, 1),
	(546, 'Ghaziabad', 1505, 'UP', NULL, 0, 0, 1),
	(547, 'Hamirpur', 1505, 'UP', NULL, 0, 0, 1),
	(548, 'Hardoi', 1505, 'UP', NULL, 0, 0, 1),
	(549, 'Mahamaya Nagar', 1505, 'UP', NULL, 0, 0, 1),
	(550, 'Jhansi', 1505, 'UP', NULL, 0, 0, 1),
	(551, 'Jalaun', 1505, 'UP', NULL, 0, 0, 1),
	(552, 'Jyotiba Phule Nagar', 1505, 'UP', NULL, 0, 0, 1),
	(553, 'Jaunpur District', 1505, 'UP', NULL, 0, 0, 1),
	(554, 'Kanpur Dehat', 1505, 'UP', NULL, 0, 0, 1),
	(555, 'Kannauj', 1505, 'UP', NULL, 0, 0, 1),
	(556, 'Kanpur Nagar', 1505, 'UP', NULL, 0, 0, 1),
	(557, 'Kaushambi', 1505, 'UP', NULL, 0, 0, 1),
	(558, 'Kushinagar', 1505, 'UP', NULL, 0, 0, 1),
	(559, 'Lalitpur', 1505, 'UP', NULL, 0, 0, 1),
	(560, 'Lakhimpur Kheri', 1505, 'UP', NULL, 0, 0, 1),
	(561, 'Lucknow', 1505, 'UP', NULL, 0, 0, 1),
	(562, 'Mau', 1505, 'UP', NULL, 0, 0, 1),
	(563, 'Meerut', 1505, 'UP', NULL, 0, 0, 1),
	(564, 'Maharajganj', 1505, 'UP', NULL, 0, 0, 1),
	(565, 'Mahoba', 1505, 'UP', NULL, 0, 0, 1),
	(566, 'Mirzapur', 1505, 'UP', NULL, 0, 0, 1),
	(567, 'Moradabad', 1505, 'UP', NULL, 0, 0, 1),
	(568, 'Mainpuri', 1505, 'UP', NULL, 0, 0, 1),
	(569, 'Mathura', 1505, 'UP', NULL, 0, 0, 1),
	(570, 'Muzaffarnagar', 1505, 'UP', NULL, 0, 0, 1),
	(571, 'Pilibhit', 1505, 'UP', NULL, 0, 0, 1),
	(572, 'Pratapgarh', 1505, 'UP', NULL, 0, 0, 1),
	(573, 'Rampur', 1505, 'UP', NULL, 0, 0, 1),
	(574, 'Rae Bareli', 1505, 'UP', NULL, 0, 0, 1),
	(575, 'Saharanpur', 1505, 'UP', NULL, 0, 0, 1),
	(576, 'Sitapur', 1505, 'UP', NULL, 0, 0, 1),
	(577, 'Shahjahanpur', 1505, 'UP', NULL, 0, 0, 1),
	(578, 'Sant Kabir Nagar', 1505, 'UP', NULL, 0, 0, 1),
	(579, 'Siddharthnagar', 1505, 'UP', NULL, 0, 0, 1),
	(580, 'Sonbhadra', 1505, 'UP', NULL, 0, 0, 1),
	(581, 'Sant Ravidas Nagar', 1505, 'UP', NULL, 0, 0, 1),
	(582, 'Sultanpur', 1505, 'UP', NULL, 0, 0, 1),
	(583, 'Shravasti', 1505, 'UP', NULL, 0, 0, 1),
	(584, 'Unnao', 1505, 'UP', NULL, 0, 0, 1),
	(585, 'Varanasi', 1505, 'UP', NULL, 0, 0, 1),
	(586, 'Birbhum', 1506, 'WB', NULL, 0, 0, 1),
	(587, 'Bankura', 1506, 'WB', NULL, 0, 0, 1),
	(588, 'Bardhaman', 1506, 'WB', NULL, 0, 0, 1),
	(589, 'Darjeeling', 1506, 'WB', NULL, 0, 0, 1),
	(590, 'Dakshin Dinajpur', 1506, 'WB', NULL, 0, 0, 1),
	(591, 'Hooghly', 1506, 'WB', NULL, 0, 0, 1),
	(592, 'Howrah', 1506, 'WB', NULL, 0, 0, 1),
	(593, 'Jalpaiguri', 1506, 'WB', NULL, 0, 0, 1),
	(594, 'Cooch Behar', 1506, 'WB', NULL, 0, 0, 1),
	(595, 'Kolkata', 1506, 'WB', NULL, 0, 0, 1),
	(596, 'Malda', 1506, 'WB', NULL, 0, 0, 1),
	(597, 'Midnapore', 1506, 'WB', NULL, 0, 0, 1),
	(598, 'Murshidabad', 1506, 'WB', NULL, 0, 0, 1),
	(599, 'Nadia', 1506, 'WB', NULL, 0, 0, 1),
	(600, 'North 24 Parganas', 1506, 'WB', NULL, 0, 0, 1),
	(601, 'South 24 Parganas', 1506, 'WB', NULL, 0, 0, 1),
	(602, 'Purulia', 1506, 'WB', NULL, 0, 0, 1),
	(603, 'Uttar Dinajpur', 1506, 'WB', NULL, 0, 0, 1);
/*!40000 ALTER TABLE `city_master` ENABLE KEYS */;


-- Dumping structure for table bjois_advert.country_master
DROP TABLE IF EXISTS `country_master`;
CREATE TABLE IF NOT EXISTS `country_master` (
  `id` int(11) unsigned NOT NULL AUTO_INCREMENT COMMENT 'Country Id',
  `country` varchar(64) CHARACTER SET latin1 NOT NULL DEFAULT '' COMMENT 'Country Name',
  `country_code` char(2) CHARACTER SET latin1 NOT NULL DEFAULT '' COMMENT 'Country Code',
  `country_code_iso3` char(3) CHARACTER SET latin1 NOT NULL DEFAULT '' COMMENT 'Country Code ISO3',
  `language` char(3) CHARACTER SET latin1 NOT NULL COMMENT 'Country Language',
  `currency_name` varchar(50) CHARACTER SET latin1 DEFAULT NULL COMMENT 'Country Currency Name',
  `currency_symbol` char(3) CHARACTER SET latin1 DEFAULT NULL COMMENT 'Country Currency Symbol',
  `currency_rate` decimal(3,3) DEFAULT NULL COMMENT 'Country Currency Rate',
  `is_publish` tinyint(1) NOT NULL DEFAULT '1' COMMENT 'Country Is Active',
  PRIMARY KEY (`id`),
  KEY `IDX_COUNTRIES_NAME` (`country`)
) ENGINE=InnoDB AUTO_INCREMENT=240 DEFAULT CHARSET=utf8 ROW_FORMAT=DYNAMIC;

-- Dumping data for table bjois_advert.country_master: ~239 rows (approximately)
/*!40000 ALTER TABLE `country_master` DISABLE KEYS */;
INSERT INTO `country_master` (`id`, `country`, `country_code`, `country_code_iso3`, `language`, `currency_name`, `currency_symbol`, `currency_rate`, `is_publish`) VALUES
	(1, 'Afghanistan', 'AF', 'AFG', '', NULL, NULL, NULL, 1),
	(2, 'Albania', 'AL', 'ALB', '', NULL, NULL, NULL, 1),
	(3, 'Algeria', 'DZ', 'DZA', '', NULL, NULL, NULL, 1),
	(4, 'American Samoa', 'AS', 'ASM', '', NULL, NULL, NULL, 1),
	(5, 'Andorra', 'AD', 'AND', '', NULL, NULL, NULL, 1),
	(6, 'Angola', 'AO', 'AGO', '', NULL, NULL, NULL, 1),
	(7, 'Anguilla', 'AI', 'AIA', '', NULL, NULL, NULL, 1),
	(8, 'Antarctica', 'AQ', 'ATA', '', NULL, NULL, NULL, 1),
	(9, 'Antigua and Barbuda', 'AG', 'ATG', '', NULL, NULL, NULL, 1),
	(10, 'Argentina', 'AR', 'ARG', '', NULL, NULL, NULL, 1),
	(11, 'Armenia', 'AM', 'ARM', '', NULL, NULL, NULL, 1),
	(12, 'Aruba', 'AW', 'ABW', '', NULL, NULL, NULL, 1),
	(13, 'Australia', 'AU', 'AUS', '', NULL, NULL, NULL, 1),
	(14, 'Austria', 'AT', 'AUT', '', NULL, NULL, NULL, 1),
	(15, 'Azerbaijan', 'AZ', 'AZE', '', NULL, NULL, NULL, 1),
	(16, 'Bahamas', 'BS', 'BHS', '', NULL, NULL, NULL, 1),
	(17, 'Bahrain', 'BH', 'BHR', '', NULL, NULL, NULL, 1),
	(18, 'Bangladesh', 'BD', 'BGD', '', NULL, NULL, NULL, 1),
	(19, 'Barbados', 'BB', 'BRB', '', NULL, NULL, NULL, 1),
	(20, 'Belarus', 'BY', 'BLR', '', NULL, NULL, NULL, 1),
	(21, 'Belgium', 'BE', 'BEL', '', NULL, NULL, NULL, 1),
	(22, 'Belize', 'BZ', 'BLZ', '', NULL, NULL, NULL, 1),
	(23, 'Benin', 'BJ', 'BEN', '', NULL, NULL, NULL, 1),
	(24, 'Bermuda', 'BM', 'BMU', '', NULL, NULL, NULL, 1),
	(25, 'Bhutan', 'BT', 'BTN', '', NULL, NULL, NULL, 1),
	(26, 'Bolivia', 'BO', 'BOL', '', NULL, NULL, NULL, 1),
	(27, 'Bosnia and Herzegowina', 'BA', 'BIH', '', NULL, NULL, NULL, 1),
	(28, 'Botswana', 'BW', 'BWA', '', NULL, NULL, NULL, 1),
	(29, 'Bouvet Island', 'BV', 'BVT', '', NULL, NULL, NULL, 1),
	(30, 'Brazil', 'BR', 'BRA', '', NULL, NULL, NULL, 1),
	(31, 'British Indian Ocean Territory', 'IO', 'IOT', '', NULL, NULL, NULL, 1),
	(32, 'Brunei Darussalam', 'BN', 'BRN', '', NULL, NULL, NULL, 1),
	(33, 'Bulgaria', 'BG', 'BGR', '', NULL, NULL, NULL, 1),
	(34, 'Burkina Faso', 'BF', 'BFA', '', NULL, NULL, NULL, 1),
	(35, 'Burundi', 'BI', 'BDI', '', NULL, NULL, NULL, 1),
	(36, 'Cambodia', 'KH', 'KHM', '', NULL, NULL, NULL, 1),
	(37, 'Cameroon', 'CM', 'CMR', '', NULL, NULL, NULL, 1),
	(38, 'Canada', 'CA', 'CAN', '', NULL, NULL, NULL, 1),
	(39, 'Cape Verde', 'CV', 'CPV', '', NULL, NULL, NULL, 1),
	(40, 'Cayman Islands', 'KY', 'CYM', '', NULL, NULL, NULL, 1),
	(41, 'Central African Republic', 'CF', 'CAF', '', NULL, NULL, NULL, 1),
	(42, 'Chad', 'TD', 'TCD', '', NULL, NULL, NULL, 1),
	(43, 'Chile', 'CL', 'CHL', '', NULL, NULL, NULL, 1),
	(44, 'China', 'CN', 'CHN', '', NULL, NULL, NULL, 1),
	(45, 'Christmas Island', 'CX', 'CXR', '', NULL, NULL, NULL, 1),
	(46, 'Cocos (Keeling) Islands', 'CC', 'CCK', '', NULL, NULL, NULL, 1),
	(47, 'Colombia', 'CO', 'COL', '', NULL, NULL, NULL, 1),
	(48, 'Comoros', 'KM', 'COM', '', NULL, NULL, NULL, 1),
	(49, 'Congo', 'CG', 'COG', '', NULL, NULL, NULL, 1),
	(50, 'Cook Islands', 'CK', 'COK', '', NULL, NULL, NULL, 1),
	(51, 'Costa Rica', 'CR', 'CRI', '', NULL, NULL, NULL, 1),
	(52, 'Cote D\'Ivoire', 'CI', 'CIV', '', NULL, NULL, NULL, 1),
	(53, 'Croatia', 'HR', 'HRV', '', NULL, NULL, NULL, 1),
	(54, 'Cuba', 'CU', 'CUB', '', NULL, NULL, NULL, 1),
	(55, 'Cyprus', 'CY', 'CYP', '', NULL, NULL, NULL, 1),
	(56, 'Czech Republic', 'CZ', 'CZE', '', NULL, NULL, NULL, 1),
	(57, 'Denmark', 'DK', 'DNK', '', NULL, NULL, NULL, 1),
	(58, 'Djibouti', 'DJ', 'DJI', '', NULL, NULL, NULL, 1),
	(59, 'Dominica', 'DM', 'DMA', '', NULL, NULL, NULL, 1),
	(60, 'Dominican Republic', 'DO', 'DOM', '', NULL, NULL, NULL, 1),
	(61, 'East Timor', 'TP', 'TMP', '', NULL, NULL, NULL, 1),
	(62, 'Ecuador', 'EC', 'ECU', '', NULL, NULL, NULL, 1),
	(63, 'Egypt', 'EG', 'EGY', '', NULL, NULL, NULL, 1),
	(64, 'El Salvador', 'SV', 'SLV', '', NULL, NULL, NULL, 1),
	(65, 'Equatorial Guinea', 'GQ', 'GNQ', '', NULL, NULL, NULL, 1),
	(66, 'Eritrea', 'ER', 'ERI', '', NULL, NULL, NULL, 1),
	(67, 'Estonia', 'EE', 'EST', '', NULL, NULL, NULL, 1),
	(68, 'Ethiopia', 'ET', 'ETH', '', NULL, NULL, NULL, 1),
	(69, 'Falkland Islands (Malvinas)', 'FK', 'FLK', '', NULL, NULL, NULL, 1),
	(70, 'Faroe Islands', 'FO', 'FRO', '', NULL, NULL, NULL, 1),
	(71, 'Fiji', 'FJ', 'FJI', '', NULL, NULL, NULL, 1),
	(72, 'Finland', 'FI', 'FIN', '', NULL, NULL, NULL, 1),
	(73, 'France', 'FR', 'FRA', '', NULL, NULL, NULL, 1),
	(74, 'France, Metropolitan', 'FX', 'FXX', '', NULL, NULL, NULL, 1),
	(75, 'French Guiana', 'GF', 'GUF', '', NULL, NULL, NULL, 1),
	(76, 'French Polynesia', 'PF', 'PYF', '', NULL, NULL, NULL, 1),
	(77, 'French Southern Territories', 'TF', 'ATF', '', NULL, NULL, NULL, 1),
	(78, 'Gabon', 'GA', 'GAB', '', NULL, NULL, NULL, 1),
	(79, 'Gambia', 'GM', 'GMB', '', NULL, NULL, NULL, 1),
	(80, 'Georgia', 'GE', 'GEO', '', NULL, NULL, NULL, 1),
	(81, 'Germany', 'DE', 'DEU', '', NULL, NULL, NULL, 1),
	(82, 'Ghana', 'GH', 'GHA', '', NULL, NULL, NULL, 1),
	(83, 'Gibraltar', 'GI', 'GIB', '', NULL, NULL, NULL, 1),
	(84, 'Greece', 'GR', 'GRC', '', NULL, NULL, NULL, 1),
	(85, 'Greenland', 'GL', 'GRL', '', NULL, NULL, NULL, 1),
	(86, 'Grenada', 'GD', 'GRD', '', NULL, NULL, NULL, 1),
	(87, 'Guadeloupe', 'GP', 'GLP', '', NULL, NULL, NULL, 1),
	(88, 'Guam', 'GU', 'GUM', '', NULL, NULL, NULL, 1),
	(89, 'Guatemala', 'GT', 'GTM', '', NULL, NULL, NULL, 1),
	(90, 'Guinea', 'GN', 'GIN', '', NULL, NULL, NULL, 1),
	(91, 'Guinea-bissau', 'GW', 'GNB', '', NULL, NULL, NULL, 1),
	(92, 'Guyana', 'GY', 'GUY', '', NULL, NULL, NULL, 1),
	(93, 'Haiti', 'HT', 'HTI', '', NULL, NULL, NULL, 1),
	(94, 'Heard and Mc Donald Islands', 'HM', 'HMD', '', NULL, NULL, NULL, 1),
	(95, 'Honduras', 'HN', 'HND', '', NULL, NULL, NULL, 1),
	(96, 'Hong Kong', 'HK', 'HKG', '', NULL, NULL, NULL, 1),
	(97, 'Hungary', 'HU', 'HUN', '', NULL, NULL, NULL, 1),
	(98, 'Iceland', 'IS', 'ISL', '', NULL, NULL, NULL, 1),
	(99, 'India', 'IN', 'IND', '', NULL, NULL, NULL, 1),
	(100, 'Indonesia', 'ID', 'IDN', '', NULL, NULL, NULL, 1),
	(101, 'Iran (Islamic Republic of)', 'IR', 'IRN', '', NULL, NULL, NULL, 1),
	(102, 'Iraq', 'IQ', 'IRQ', '', NULL, NULL, NULL, 1),
	(103, 'Ireland', 'IE', 'IRL', '', NULL, NULL, NULL, 1),
	(104, 'Israel', 'IL', 'ISR', '', NULL, NULL, NULL, 1),
	(105, 'Italy', 'IT', 'ITA', '', NULL, NULL, NULL, 1),
	(106, 'Jamaica', 'JM', 'JAM', '', NULL, NULL, NULL, 1),
	(107, 'Japan', 'JP', 'JPN', '', NULL, NULL, NULL, 1),
	(108, 'Jordan', 'JO', 'JOR', '', NULL, NULL, NULL, 1),
	(109, 'Kazakhstan', 'KZ', 'KAZ', '', NULL, NULL, NULL, 1),
	(110, 'Kenya', 'KE', 'KEN', '', NULL, NULL, NULL, 1),
	(111, 'Kiribati', 'KI', 'KIR', '', NULL, NULL, NULL, 1),
	(112, 'Korea, Democratic People\'s Republic of', 'KP', 'PRK', '', NULL, NULL, NULL, 1),
	(113, 'Korea, Republic of', 'KR', 'KOR', '', NULL, NULL, NULL, 1),
	(114, 'Kuwait', 'KW', 'KWT', '', NULL, NULL, NULL, 1),
	(115, 'Kyrgyzstan', 'KG', 'KGZ', '', NULL, NULL, NULL, 1),
	(116, 'Lao People\'s Democratic Republic', 'LA', 'LAO', '', NULL, NULL, NULL, 1),
	(117, 'Latvia', 'LV', 'LVA', '', NULL, NULL, NULL, 1),
	(118, 'Lebanon', 'LB', 'LBN', '', NULL, NULL, NULL, 1),
	(119, 'Lesotho', 'LS', 'LSO', '', NULL, NULL, NULL, 1),
	(120, 'Liberia', 'LR', 'LBR', '', NULL, NULL, NULL, 1),
	(121, 'Libyan Arab Jamahiriya', 'LY', 'LBY', '', NULL, NULL, NULL, 1),
	(122, 'Liechtenstein', 'LI', 'LIE', '', NULL, NULL, NULL, 1),
	(123, 'Lithuania', 'LT', 'LTU', '', NULL, NULL, NULL, 1),
	(124, 'Luxembourg', 'LU', 'LUX', '', NULL, NULL, NULL, 1),
	(125, 'Macau', 'MO', 'MAC', '', NULL, NULL, NULL, 1),
	(126, 'Macedonia, The Former Yugoslav Republic of', 'MK', 'MKD', '', NULL, NULL, NULL, 1),
	(127, 'Madagascar', 'MG', 'MDG', '', NULL, NULL, NULL, 1),
	(128, 'Malawi', 'MW', 'MWI', '', NULL, NULL, NULL, 1),
	(129, 'Malaysia', 'MY', 'MYS', '', NULL, NULL, NULL, 1),
	(130, 'Maldives', 'MV', 'MDV', '', NULL, NULL, NULL, 1),
	(131, 'Mali', 'ML', 'MLI', '', NULL, NULL, NULL, 1),
	(132, 'Malta', 'MT', 'MLT', '', NULL, NULL, NULL, 1),
	(133, 'Marshall Islands', 'MH', 'MHL', '', NULL, NULL, NULL, 1),
	(134, 'Martinique', 'MQ', 'MTQ', '', NULL, NULL, NULL, 1),
	(135, 'Mauritania', 'MR', 'MRT', '', NULL, NULL, NULL, 1),
	(136, 'Mauritius', 'MU', 'MUS', '', NULL, NULL, NULL, 1),
	(137, 'Mayotte', 'YT', 'MYT', '', NULL, NULL, NULL, 1),
	(138, 'Mexico', 'MX', 'MEX', '', NULL, NULL, NULL, 1),
	(139, 'Micronesia, Federated States of', 'FM', 'FSM', '', NULL, NULL, NULL, 1),
	(140, 'Moldova, Republic of', 'MD', 'MDA', '', NULL, NULL, NULL, 1),
	(141, 'Monaco', 'MC', 'MCO', '', NULL, NULL, NULL, 1),
	(142, 'Mongolia', 'MN', 'MNG', '', NULL, NULL, NULL, 1),
	(143, 'Montserrat', 'MS', 'MSR', '', NULL, NULL, NULL, 1),
	(144, 'Morocco', 'MA', 'MAR', '', NULL, NULL, NULL, 1),
	(145, 'Mozambique', 'MZ', 'MOZ', '', NULL, NULL, NULL, 1),
	(146, 'Myanmar', 'MM', 'MMR', '', NULL, NULL, NULL, 1),
	(147, 'Namibia', 'NA', 'NAM', '', NULL, NULL, NULL, 1),
	(148, 'Nauru', 'NR', 'NRU', '', NULL, NULL, NULL, 1),
	(149, 'Nepal', 'NP', 'NPL', '', NULL, NULL, NULL, 1),
	(150, 'Netherlands', 'NL', 'NLD', '', NULL, NULL, NULL, 1),
	(151, 'Netherlands Antilles', 'AN', 'ANT', '', NULL, NULL, NULL, 1),
	(152, 'New Caledonia', 'NC', 'NCL', '', NULL, NULL, NULL, 1),
	(153, 'New Zealand', 'NZ', 'NZL', '', NULL, NULL, NULL, 1),
	(154, 'Nicaragua', 'NI', 'NIC', '', NULL, NULL, NULL, 1),
	(155, 'Niger', 'NE', 'NER', '', NULL, NULL, NULL, 1),
	(156, 'Nigeria', 'NG', 'NGA', '', NULL, NULL, NULL, 1),
	(157, 'Niue', 'NU', 'NIU', '', NULL, NULL, NULL, 1),
	(158, 'Norfolk Island', 'NF', 'NFK', '', NULL, NULL, NULL, 1),
	(159, 'Northern Mariana Islands', 'MP', 'MNP', '', NULL, NULL, NULL, 1),
	(160, 'Norway', 'NO', 'NOR', '', NULL, NULL, NULL, 1),
	(161, 'Oman', 'OM', 'OMN', '', NULL, NULL, NULL, 1),
	(162, 'Pakistan', 'PK', 'PAK', '', NULL, NULL, NULL, 1),
	(163, 'Palau', 'PW', 'PLW', '', NULL, NULL, NULL, 1),
	(164, 'Panama', 'PA', 'PAN', '', NULL, NULL, NULL, 1),
	(165, 'Papua New Guinea', 'PG', 'PNG', '', NULL, NULL, NULL, 1),
	(166, 'Paraguay', 'PY', 'PRY', '', NULL, NULL, NULL, 1),
	(167, 'Peru', 'PE', 'PER', '', NULL, NULL, NULL, 1),
	(168, 'Philippines', 'PH', 'PHL', '', NULL, NULL, NULL, 1),
	(169, 'Pitcairn', 'PN', 'PCN', '', NULL, NULL, NULL, 1),
	(170, 'Poland', 'PL', 'POL', '', NULL, NULL, NULL, 1),
	(171, 'Portugal', 'PT', 'PRT', '', NULL, NULL, NULL, 1),
	(172, 'Puerto Rico', 'PR', 'PRI', '', NULL, NULL, NULL, 1),
	(173, 'Qatar', 'QA', 'QAT', '', NULL, NULL, NULL, 1),
	(174, 'Reunion', 'RE', 'REU', '', NULL, NULL, NULL, 1),
	(175, 'Romania', 'RO', 'ROM', '', NULL, NULL, NULL, 1),
	(176, 'Russian Federation', 'RU', 'RUS', '', NULL, NULL, NULL, 1),
	(177, 'Rwanda', 'RW', 'RWA', '', NULL, NULL, NULL, 1),
	(178, 'Saint Kitts and Nevis', 'KN', 'KNA', '', NULL, NULL, NULL, 1),
	(179, 'Saint Lucia', 'LC', 'LCA', '', NULL, NULL, NULL, 1),
	(180, 'Saint Vincent and the Grenadines', 'VC', 'VCT', '', NULL, NULL, NULL, 1),
	(181, 'Samoa', 'WS', 'WSM', '', NULL, NULL, NULL, 1),
	(182, 'San Marino', 'SM', 'SMR', '', NULL, NULL, NULL, 1),
	(183, 'Sao Tome and Principe', 'ST', 'STP', '', NULL, NULL, NULL, 1),
	(184, 'Saudi Arabia', 'SA', 'SAU', '', NULL, NULL, NULL, 1),
	(185, 'Senegal', 'SN', 'SEN', '', NULL, NULL, NULL, 1),
	(186, 'Seychelles', 'SC', 'SYC', '', NULL, NULL, NULL, 1),
	(187, 'Sierra Leone', 'SL', 'SLE', '', NULL, NULL, NULL, 1),
	(188, 'Singapore', 'SG', 'SGP', '', NULL, NULL, NULL, 1),
	(189, 'Slovakia (Slovak Republic)', 'SK', 'SVK', '', NULL, NULL, NULL, 1),
	(190, 'Slovenia', 'SI', 'SVN', '', NULL, NULL, NULL, 1),
	(191, 'Solomon Islands', 'SB', 'SLB', '', NULL, NULL, NULL, 1),
	(192, 'Somalia', 'SO', 'SOM', '', NULL, NULL, NULL, 1),
	(193, 'South Africa', 'ZA', 'ZAF', '', NULL, NULL, NULL, 1),
	(194, 'South Georgia and the South Sandwich Islands', 'GS', 'SGS', '', NULL, NULL, NULL, 1),
	(195, 'Spain', 'ES', 'ESP', '', NULL, NULL, NULL, 1),
	(196, 'Sri Lanka', 'LK', 'LKA', '', NULL, NULL, NULL, 1),
	(197, 'St. Helena', 'SH', 'SHN', '', NULL, NULL, NULL, 1),
	(198, 'St. Pierre and Miquelon', 'PM', 'SPM', '', NULL, NULL, NULL, 1),
	(199, 'Sudan', 'SD', 'SDN', '', NULL, NULL, NULL, 1),
	(200, 'Suriname', 'SR', 'SUR', '', NULL, NULL, NULL, 1),
	(201, 'Svalbard and Jan Mayen Islands', 'SJ', 'SJM', '', NULL, NULL, NULL, 1),
	(202, 'Swaziland', 'SZ', 'SWZ', '', NULL, NULL, NULL, 1),
	(203, 'Sweden', 'SE', 'SWE', '', NULL, NULL, NULL, 1),
	(204, 'Switzerland', 'CH', 'CHE', '', NULL, NULL, NULL, 1),
	(205, 'Syrian Arab Republic', 'SY', 'SYR', '', NULL, NULL, NULL, 1),
	(206, 'Taiwan', 'TW', 'TWN', '', NULL, NULL, NULL, 1),
	(207, 'Tajikistan', 'TJ', 'TJK', '', NULL, NULL, NULL, 1),
	(208, 'Tanzania, United Republic of', 'TZ', 'TZA', '', NULL, NULL, NULL, 1),
	(209, 'Thailand', 'TH', 'THA', '', NULL, NULL, NULL, 1),
	(210, 'Togo', 'TG', 'TGO', '', NULL, NULL, NULL, 1),
	(211, 'Tokelau', 'TK', 'TKL', '', NULL, NULL, NULL, 1),
	(212, 'Tonga', 'TO', 'TON', '', NULL, NULL, NULL, 1),
	(213, 'Trinidad and Tobago', 'TT', 'TTO', '', NULL, NULL, NULL, 1),
	(214, 'Tunisia', 'TN', 'TUN', '', NULL, NULL, NULL, 1),
	(215, 'Turkey', 'TR', 'TUR', '', NULL, NULL, NULL, 1),
	(216, 'Turkmenistan', 'TM', 'TKM', '', NULL, NULL, NULL, 1),
	(217, 'Turks and Caicos Islands', 'TC', 'TCA', '', NULL, NULL, NULL, 1),
	(218, 'Tuvalu', 'TV', 'TUV', '', NULL, NULL, NULL, 1),
	(219, 'Uganda', 'UG', 'UGA', '', NULL, NULL, NULL, 1),
	(220, 'Ukraine', 'UA', 'UKR', '', NULL, NULL, NULL, 1),
	(221, 'United Arab Emirates', 'AE', 'ARE', '', NULL, NULL, NULL, 1),
	(222, 'United Kingdom', 'GB', 'GBR', '', NULL, NULL, NULL, 1),
	(223, 'United States', 'US', 'USA', '', NULL, NULL, NULL, 1),
	(224, 'United States Minor Outlying Islands', 'UM', 'UMI', '', NULL, NULL, NULL, 1),
	(225, 'Uruguay', 'UY', 'URY', '', NULL, NULL, NULL, 1),
	(226, 'Uzbekistan', 'UZ', 'UZB', '', NULL, NULL, NULL, 1),
	(227, 'Vanuatu', 'VU', 'VUT', '', NULL, NULL, NULL, 1),
	(228, 'Vatican City State (Holy See)', 'VA', 'VAT', '', NULL, NULL, NULL, 1),
	(229, 'Venezuela', 'VE', 'VEN', '', NULL, NULL, NULL, 1),
	(230, 'Viet Nam', 'VN', 'VNM', '', NULL, NULL, NULL, 1),
	(231, 'Virgin Islands (British)', 'VG', 'VGB', '', NULL, NULL, NULL, 1),
	(232, 'Virgin Islands (U.S.)', 'VI', 'VIR', '', NULL, NULL, NULL, 1),
	(233, 'Wallis and Futuna Islands', 'WF', 'WLF', '', NULL, NULL, NULL, 1),
	(234, 'Western Sahara', 'EH', 'ESH', '', NULL, NULL, NULL, 1),
	(235, 'Yemen', 'YE', 'YEM', '', NULL, NULL, NULL, 1),
	(236, 'Yugoslavia', 'YU', 'YUG', '', NULL, NULL, NULL, 1),
	(237, 'Zaire', 'ZR', 'ZAR', '', NULL, NULL, NULL, 1),
	(238, 'Zambia', 'ZM', 'ZMB', '', NULL, NULL, NULL, 1),
	(239, 'Zimbabwe', 'ZW', 'ZWE', '', NULL, NULL, NULL, 1);
/*!40000 ALTER TABLE `country_master` ENABLE KEYS */;


-- Dumping structure for table bjois_advert.locality_master
DROP TABLE IF EXISTS `locality_master`;
CREATE TABLE IF NOT EXISTS `locality_master` (
  `id` int(11) unsigned NOT NULL AUTO_INCREMENT,
  `city_id` int(11) unsigned NOT NULL DEFAULT '0',
  `city_code` varchar(10) CHARACTER SET latin1 NOT NULL DEFAULT '',
  `locality_zipcode` varchar(32) CHARACTER SET latin1 NOT NULL DEFAULT '',
  `locallity_name` varchar(32) CHARACTER SET latin1 NOT NULL DEFAULT '',
  `is_publish` tinyint(1) NOT NULL DEFAULT '1',
  PRIMARY KEY (`id`),
  KEY `locallity_name` (`locallity_name`),
  KEY `FK_locality_master_city_master` (`city_id`),
  CONSTRAINT `FK_locality_master_city_master` FOREIGN KEY (`city_id`) REFERENCES `city_master` (`id`) ON DELETE CASCADE ON UPDATE CASCADE
) ENGINE=InnoDB DEFAULT CHARSET=utf8 ROW_FORMAT=COMPACT;

-- Dumping data for table bjois_advert.locality_master: ~0 rows (approximately)
/*!40000 ALTER TABLE `locality_master` DISABLE KEYS */;
/*!40000 ALTER TABLE `locality_master` ENABLE KEYS */;


-- Dumping structure for table bjois_advert.module
DROP TABLE IF EXISTS `module`;
CREATE TABLE IF NOT EXISTS `module` (
  `id` int(10) unsigned NOT NULL AUTO_INCREMENT,
  `module_code` varchar(50) CHARACTER SET latin1 NOT NULL DEFAULT '',
  `version` varchar(50) CHARACTER SET latin1 DEFAULT NULL,
  `is_publish` tinyint(1) DEFAULT NULL,
  PRIMARY KEY (`id`)
) ENGINE=InnoDB AUTO_INCREMENT=5 DEFAULT CHARSET=utf8;

-- Dumping data for table bjois_advert.module: ~4 rows (approximately)
/*!40000 ALTER TABLE `module` DISABLE KEYS */;
INSERT INTO `module` (`id`, `module_code`, `version`, `is_publish`) VALUES
	(1, 'admin', '1.0', 1),
	(2, 'customer', '1.0', 1),
	(3, 'front', '1.0', 1),
	(4, 'api', '1.0', 1);
/*!40000 ALTER TABLE `module` ENABLE KEYS */;


-- Dumping structure for table bjois_advert.state_master
DROP TABLE IF EXISTS `state_master`;
CREATE TABLE IF NOT EXISTS `state_master` (
  `id` int(11) unsigned NOT NULL AUTO_INCREMENT,
  `country_id` int(11) unsigned NOT NULL DEFAULT '0',
  `country_code` varchar(10) CHARACTER SET latin1 NOT NULL DEFAULT '',
  `state_code` varchar(32) CHARACTER SET latin1 NOT NULL DEFAULT '',
  `state` varchar(32) CHARACTER SET latin1 NOT NULL DEFAULT '',
  `is_publish` tinyint(1) NOT NULL DEFAULT '1',
  PRIMARY KEY (`id`),
  KEY `state` (`state`),
  KEY `FK_state_master_country_master` (`country_id`),
  CONSTRAINT `FK_state_master_country_master` FOREIGN KEY (`country_id`) REFERENCES `country_master` (`id`) ON DELETE CASCADE ON UPDATE CASCADE
) ENGINE=InnoDB AUTO_INCREMENT=3844 DEFAULT CHARSET=utf8 ROW_FORMAT=DYNAMIC;

-- Dumping data for table bjois_advert.state_master: ~3,845 rows (approximately)
/*!40000 ALTER TABLE `state_master` DISABLE KEYS */;
INSERT INTO `state_master` (`id`, `country_id`, `country_code`, `state_code`, `state`, `is_publish`) VALUES
	(1, 1, 'AF', 'BDS', 'Badakhshan', 1),
	(2, 1, 'AF', 'BDG', 'Badghis', 1),
	(3, 1, 'AF', 'BGL', 'Baghlan', 1),
	(4, 1, 'AF', 'BAL', 'Balkh', 1),
	(5, 1, 'AF', 'BAM', 'Bamian', 1),
	(6, 1, 'AF', 'FRA', 'Farah', 1),
	(7, 1, 'AF', 'FYB', 'Faryab', 1),
	(8, 1, 'AF', 'GHA', 'Ghazni', 1),
	(9, 1, 'AF', 'GHO', 'Ghowr', 1),
	(10, 1, 'AF', 'HEL', 'Helmand', 1),
	(11, 1, 'AF', 'HER', 'Herat', 1),
	(12, 1, 'AF', 'JOW', 'Jowzjan', 1),
	(13, 1, 'AF', 'KAB', 'Kabul', 1),
	(14, 1, 'AF', 'KAN', 'Kandahar', 1),
	(15, 1, 'AF', 'KAP', 'Kapisa', 1),
	(16, 1, 'AF', 'KHO', 'Khost', 1),
	(17, 1, 'AF', 'KNR', 'Konar', 1),
	(18, 1, 'AF', 'KDZ', 'Kondoz', 1),
	(19, 1, 'AF', 'LAG', 'Laghman', 1),
	(20, 1, 'AF', 'LOW', 'Lowgar', 1),
	(21, 1, 'AF', 'NAN', 'Nangrahar', 1),
	(22, 1, 'AF', 'NIM', 'Nimruz', 1),
	(23, 1, 'AF', 'NUR', 'Nurestan', 1),
	(24, 1, 'AF', 'ORU', 'Oruzgan', 1),
	(25, 1, 'AF', 'PIA', 'Paktia', 1),
	(26, 1, 'AF', 'PKA', 'Paktika', 1),
	(27, 1, 'AF', 'PAR', 'Parwan', 1),
	(28, 1, 'AF', 'SAM', 'Samangan', 1),
	(29, 1, 'AF', 'SAR', 'Sar-e Pol', 1),
	(30, 1, 'AF', 'TAK', 'Takhar', 1),
	(31, 1, 'AF', 'WAR', 'Wardak', 1),
	(32, 1, 'AF', 'ZAB', 'Zabol', 1),
	(33, 2, 'AL', 'BR', 'Berat', 1),
	(34, 2, 'AL', 'BU', 'Bulqize', 1),
	(35, 2, 'AL', 'DL', 'Delvine', 1),
	(36, 2, 'AL', 'DV', 'Devoll', 1),
	(37, 2, 'AL', 'DI', 'Diber', 1),
	(38, 2, 'AL', 'DR', 'Durres', 1),
	(39, 2, 'AL', 'EL', 'Elbasan', 1),
	(40, 2, 'AL', 'ER', 'Kolonje', 1),
	(41, 2, 'AL', 'FR', 'Fier', 1),
	(42, 2, 'AL', 'GJ', 'Gjirokaster', 1),
	(43, 2, 'AL', 'GR', 'Gramsh', 1),
	(44, 2, 'AL', 'HA', 'Has', 1),
	(45, 2, 'AL', 'KA', 'Kavaje', 1),
	(46, 2, 'AL', 'KB', 'Kurbin', 1),
	(47, 2, 'AL', 'KC', 'Kucove', 1),
	(48, 2, 'AL', 'KO', 'Korce', 1),
	(49, 2, 'AL', 'KR', 'Kruje', 1),
	(50, 2, 'AL', 'KU', 'Kukes', 1),
	(51, 2, 'AL', 'LB', 'Librazhd', 1),
	(52, 2, 'AL', 'LE', 'Lezhe', 1),
	(53, 2, 'AL', 'LU', 'Lushnje', 1),
	(54, 2, 'AL', 'MM', 'Malesi e Madhe', 1),
	(55, 2, 'AL', 'MK', 'Mallakaster', 1),
	(56, 2, 'AL', 'MT', 'Mat', 1),
	(57, 2, 'AL', 'MR', 'Mirdite', 1),
	(58, 2, 'AL', 'PQ', 'Peqin', 1),
	(59, 2, 'AL', 'PR', 'Permet', 1),
	(60, 2, 'AL', 'PG', 'Pogradec', 1),
	(61, 2, 'AL', 'PU', 'Puke', 1),
	(62, 2, 'AL', 'SH', 'Shkoder', 1),
	(63, 2, 'AL', 'SK', 'Skrapar', 1),
	(64, 2, 'AL', 'SR', 'Sarande', 1),
	(65, 2, 'AL', 'TE', 'Tepelene', 1),
	(66, 2, 'AL', 'TP', 'Tropoje', 1),
	(67, 2, 'AL', 'TR', 'Tirane', 1),
	(68, 2, 'AL', 'VL', 'Vlore', 1),
	(69, 3, 'DZ', 'ADR', 'Adrar', 1),
	(70, 3, 'DZ', 'ADE', 'Ain Defla', 1),
	(71, 3, 'DZ', 'ATE', 'Ain Temouchent', 1),
	(72, 3, 'DZ', 'ALG', 'Alger', 1),
	(73, 3, 'DZ', 'ANN', 'Annaba', 1),
	(74, 3, 'DZ', 'BAT', 'Batna', 1),
	(75, 3, 'DZ', 'BEC', 'Bechar', 1),
	(76, 3, 'DZ', 'BEJ', 'Bejaia', 1),
	(77, 3, 'DZ', 'BIS', 'Biskra', 1),
	(78, 3, 'DZ', 'BLI', 'Blida', 1),
	(79, 3, 'DZ', 'BBA', 'Bordj Bou Arreridj', 1),
	(80, 3, 'DZ', 'BOA', 'Bouira', 1),
	(81, 3, 'DZ', 'BMD', 'Boumerdes', 1),
	(82, 3, 'DZ', 'CHL', 'Chlef', 1),
	(83, 3, 'DZ', 'CON', 'Constantine', 1),
	(84, 3, 'DZ', 'DJE', 'Djelfa', 1),
	(85, 3, 'DZ', 'EBA', 'El Bayadh', 1),
	(86, 3, 'DZ', 'EOU', 'El Oued', 1),
	(87, 3, 'DZ', 'ETA', 'El Tarf', 1),
	(88, 3, 'DZ', 'GHA', 'Ghardaia', 1),
	(89, 3, 'DZ', 'GUE', 'Guelma', 1),
	(90, 3, 'DZ', 'ILL', 'Illizi', 1),
	(91, 3, 'DZ', 'JIJ', 'Jijel', 1),
	(92, 3, 'DZ', 'KHE', 'Khenchela', 1),
	(93, 3, 'DZ', 'LAG', 'Laghouat', 1),
	(94, 3, 'DZ', 'MUA', 'Muaskar', 1),
	(95, 3, 'DZ', 'MED', 'Medea', 1),
	(96, 3, 'DZ', 'MIL', 'Mila', 1),
	(97, 3, 'DZ', 'MOS', 'Mostaganem', 1),
	(98, 3, 'DZ', 'MSI', 'M\'Sila', 1),
	(99, 3, 'DZ', 'NAA', 'Naama', 1),
	(100, 3, 'DZ', 'ORA', 'Oran', 1),
	(101, 3, 'DZ', 'OUA', 'Ouargla', 1),
	(102, 3, 'DZ', 'OEB', 'Oum el-Bouaghi', 1),
	(103, 3, 'DZ', 'REL', 'Relizane', 1),
	(104, 3, 'DZ', 'SAI', 'Saida', 1),
	(105, 3, 'DZ', 'SET', 'Setif', 1),
	(106, 3, 'DZ', 'SBA', 'Sidi Bel Abbes', 1),
	(107, 3, 'DZ', 'SKI', 'Skikda', 1),
	(108, 3, 'DZ', 'SAH', 'Souk Ahras', 1),
	(109, 3, 'DZ', 'TAM', 'Tamanghasset', 1),
	(110, 3, 'DZ', 'TEB', 'Tebessa', 1),
	(111, 3, 'DZ', 'TIA', 'Tiaret', 1),
	(112, 3, 'DZ', 'TIN', 'Tindouf', 1),
	(113, 3, 'DZ', 'TIP', 'Tipaza', 1),
	(114, 3, 'DZ', 'TIS', 'Tissemsilt', 1),
	(115, 3, 'DZ', 'TOU', 'Tizi Ouzou', 1),
	(116, 3, 'DZ', 'TLE', 'Tlemcen', 1),
	(117, 4, 'AS', 'E', 'Eastern', 1),
	(118, 4, 'AS', 'M', 'Manu\'a', 1),
	(119, 4, 'AS', 'R', 'Rose Island', 1),
	(120, 4, 'AS', 'S', 'Swains Island', 1),
	(121, 4, 'AS', 'W', 'Western', 1),
	(122, 5, 'AD', 'ALV', 'Andorra la Vella', 1),
	(123, 5, 'AD', 'CAN', 'Canillo', 1),
	(124, 5, 'AD', 'ENC', 'Encamp', 1),
	(125, 5, 'AD', 'ESE', 'Escaldes-Engordany', 1),
	(126, 5, 'AD', 'LMA', 'La Massana', 1),
	(127, 5, 'AD', 'ORD', 'Ordino', 1),
	(128, 5, 'AD', 'SJL', 'Sant Julia de Lòria', 1),
	(129, 6, 'AO', 'BGO', 'Bengo', 1),
	(130, 6, 'AO', 'BGU', 'Benguela', 1),
	(131, 6, 'AO', 'BIE', 'Bie', 1),
	(132, 6, 'AO', 'CAB', 'Cabinda', 1),
	(133, 6, 'AO', 'CCU', 'Cuando-Cubango', 1),
	(134, 6, 'AO', 'CNO', 'Cuanza Norte', 1),
	(135, 6, 'AO', 'CUS', 'Cuanza Sul', 1),
	(136, 6, 'AO', 'CNN', 'Cunene', 1),
	(137, 6, 'AO', 'HUA', 'Huambo', 1),
	(138, 6, 'AO', 'HUI', 'Huila', 1),
	(139, 6, 'AO', 'LUA', 'Luanda', 1),
	(140, 6, 'AO', 'LNO', 'Lunda Norte', 1),
	(141, 6, 'AO', 'LSU', 'Lunda Sul', 1),
	(142, 6, 'AO', 'MAL', 'Malange', 1),
	(143, 6, 'AO', 'MOX', 'Moxico', 1),
	(144, 6, 'AO', 'NAM', 'Namibe', 1),
	(145, 6, 'AO', 'UIG', 'Uige', 1),
	(146, 6, 'AO', 'ZAI', 'Zaire', 1),
	(147, 9, 'AG', 'ASG', 'Saint George', 1),
	(148, 9, 'AG', 'ASJ', 'Saint John', 1),
	(149, 9, 'AG', 'ASM', 'Saint Mary', 1),
	(150, 9, 'AG', 'ASL', 'Saint Paul', 1),
	(151, 9, 'AG', 'ASR', 'Saint Peter', 1),
	(152, 9, 'AG', 'ASH', 'Saint Philip', 1),
	(153, 9, 'AG', 'BAR', 'Barbuda', 1),
	(154, 9, 'AG', 'RED', 'Redonda', 1),
	(155, 10, 'AR', 'AN', 'Antartida e Islas del Atlantico', 1),
	(156, 10, 'AR', 'BA', 'Buenos Aires', 1),
	(157, 10, 'AR', 'CA', 'Catamarca', 1),
	(158, 10, 'AR', 'CH', 'Chaco', 1),
	(159, 10, 'AR', 'CU', 'Chubut', 1),
	(160, 10, 'AR', 'CO', 'Cordoba', 1),
	(161, 10, 'AR', 'CR', 'Corrientes', 1),
	(162, 10, 'AR', 'CF', 'Capital Federal', 1),
	(163, 10, 'AR', 'ER', 'Entre Rios', 1),
	(164, 10, 'AR', 'FO', 'Formosa', 1),
	(165, 10, 'AR', 'JU', 'Jujuy', 1),
	(166, 10, 'AR', 'LP', 'La Pampa', 1),
	(167, 10, 'AR', 'LR', 'La Rioja', 1),
	(168, 10, 'AR', 'ME', 'Mendoza', 1),
	(169, 10, 'AR', 'MI', 'Misiones', 1),
	(170, 10, 'AR', 'NE', 'Neuquen', 1),
	(171, 10, 'AR', 'RN', 'Rio Negro', 1),
	(172, 10, 'AR', 'SA', 'Salta', 1),
	(173, 10, 'AR', 'SJ', 'San Juan', 1),
	(174, 10, 'AR', 'SL', 'San Luis', 1),
	(175, 10, 'AR', 'SC', 'Santa Cruz', 1),
	(176, 10, 'AR', 'SF', 'Santa Fe', 1),
	(177, 10, 'AR', 'SD', 'Santiago del Estero', 1),
	(178, 10, 'AR', 'TF', 'Tierra del Fuego', 1),
	(179, 10, 'AR', 'TU', 'Tucuman', 1),
	(180, 11, 'AM', 'AGT', 'Aragatsotn', 1),
	(181, 11, 'AM', 'ARR', 'Ararat', 1),
	(182, 11, 'AM', 'ARM', 'Armavir', 1),
	(183, 11, 'AM', 'GEG', 'Geghark\'unik\'', 1),
	(184, 11, 'AM', 'KOT', 'Kotayk\'', 1),
	(185, 11, 'AM', 'LOR', 'Lorri', 1),
	(186, 11, 'AM', 'SHI', 'Shirak', 1),
	(187, 11, 'AM', 'SYU', 'Syunik\'', 1),
	(188, 11, 'AM', 'TAV', 'Tavush', 1),
	(189, 11, 'AM', 'VAY', 'Vayots\' Dzor', 1),
	(190, 11, 'AM', 'YER', 'Yerevan', 1),
	(191, 13, 'AU', 'ACT', 'Australian Capitol Territory', 1),
	(192, 13, 'AU', 'NSW', 'New South Wales', 1),
	(193, 13, 'AU', 'NT', 'Northern Territory', 1),
	(194, 13, 'AU', 'QLD', 'Queensland', 1),
	(195, 13, 'AU', 'SA', 'South Australia', 1),
	(196, 13, 'AU', 'TAS', 'Tasmania', 1),
	(197, 13, 'AU', 'VIC', 'Victoria', 1),
	(198, 13, 'AU', 'WA', 'Western Australia', 1),
	(199, 14, 'AT', 'BUR', 'Burgenland', 1),
	(200, 14, 'AT', 'KAR', 'K&auml;rnten', 1),
	(201, 14, 'AT', 'NOS', 'Nieder&ouml;esterreich', 1),
	(202, 14, 'AT', 'OOS', 'Ober&ouml;esterreich', 1),
	(203, 14, 'AT', 'SAL', 'Salzburg', 1),
	(204, 14, 'AT', 'STE', 'Steiermark', 1),
	(205, 14, 'AT', 'TIR', 'Tirol', 1),
	(206, 14, 'AT', 'VOR', 'Vorarlberg', 1),
	(207, 14, 'AT', 'WIE', 'Wien', 1),
	(208, 15, 'AZ', 'AB', 'Ali Bayramli', 1),
	(209, 15, 'AZ', 'ABS', 'Abseron', 1),
	(210, 15, 'AZ', 'AGC', 'AgcabAdi', 1),
	(211, 15, 'AZ', 'AGM', 'Agdam', 1),
	(212, 15, 'AZ', 'AGS', 'Agdas', 1),
	(213, 15, 'AZ', 'AGA', 'Agstafa', 1),
	(214, 15, 'AZ', 'AGU', 'Agsu', 1),
	(215, 15, 'AZ', 'AST', 'Astara', 1),
	(216, 15, 'AZ', 'BA', 'Baki', 1),
	(217, 15, 'AZ', 'BAB', 'BabAk', 1),
	(218, 15, 'AZ', 'BAL', 'BalakAn', 1),
	(219, 15, 'AZ', 'BAR', 'BArdA', 1),
	(220, 15, 'AZ', 'BEY', 'Beylaqan', 1),
	(221, 15, 'AZ', 'BIL', 'Bilasuvar', 1),
	(222, 15, 'AZ', 'CAB', 'Cabrayil', 1),
	(223, 15, 'AZ', 'CAL', 'Calilabab', 1),
	(224, 15, 'AZ', 'CUL', 'Culfa', 1),
	(225, 15, 'AZ', 'DAS', 'Daskasan', 1),
	(226, 15, 'AZ', 'DAV', 'Davaci', 1),
	(227, 15, 'AZ', 'FUZ', 'Fuzuli', 1),
	(228, 15, 'AZ', 'GA', 'Ganca', 1),
	(229, 15, 'AZ', 'GAD', 'Gadabay', 1),
	(230, 15, 'AZ', 'GOR', 'Goranboy', 1),
	(231, 15, 'AZ', 'GOY', 'Goycay', 1),
	(232, 15, 'AZ', 'HAC', 'Haciqabul', 1),
	(233, 15, 'AZ', 'IMI', 'Imisli', 1),
	(234, 15, 'AZ', 'ISM', 'Ismayilli', 1),
	(235, 15, 'AZ', 'KAL', 'Kalbacar', 1),
	(236, 15, 'AZ', 'KUR', 'Kurdamir', 1),
	(237, 15, 'AZ', 'LA', 'Lankaran', 1),
	(238, 15, 'AZ', 'LAC', 'Lacin', 1),
	(239, 15, 'AZ', 'LAN', 'Lankaran', 1),
	(240, 15, 'AZ', 'LER', 'Lerik', 1),
	(241, 15, 'AZ', 'MAS', 'Masalli', 1),
	(242, 15, 'AZ', 'MI', 'Mingacevir', 1),
	(243, 15, 'AZ', 'NA', 'Naftalan', 1),
	(244, 15, 'AZ', 'NEF', 'Neftcala', 1),
	(245, 15, 'AZ', 'OGU', 'Oguz', 1),
	(246, 15, 'AZ', 'ORD', 'Ordubad', 1),
	(247, 15, 'AZ', 'QAB', 'Qabala', 1),
	(248, 15, 'AZ', 'QAX', 'Qax', 1),
	(249, 15, 'AZ', 'QAZ', 'Qazax', 1),
	(250, 15, 'AZ', 'QOB', 'Qobustan', 1),
	(251, 15, 'AZ', 'QBA', 'Quba', 1),
	(252, 15, 'AZ', 'QBI', 'Qubadli', 1),
	(253, 15, 'AZ', 'QUS', 'Qusar', 1),
	(254, 15, 'AZ', 'SA', 'Saki', 1),
	(255, 15, 'AZ', 'SAT', 'Saatli', 1),
	(256, 15, 'AZ', 'SAB', 'Sabirabad', 1),
	(257, 15, 'AZ', 'SAD', 'Sadarak', 1),
	(258, 15, 'AZ', 'SAH', 'Sahbuz', 1),
	(259, 15, 'AZ', 'SAK', 'Saki', 1),
	(260, 15, 'AZ', 'SAL', 'Salyan', 1),
	(261, 15, 'AZ', 'SM', 'Sumqayit', 1),
	(262, 15, 'AZ', 'SMI', 'Samaxi', 1),
	(263, 15, 'AZ', 'SKR', 'Samkir', 1),
	(264, 15, 'AZ', 'SMX', 'Samux', 1),
	(265, 15, 'AZ', 'SAR', 'Sarur', 1),
	(266, 15, 'AZ', 'SIY', 'Siyazan', 1),
	(267, 15, 'AZ', 'SS', 'Susa', 1),
	(268, 15, 'AZ', 'SUS', 'Susa', 1),
	(269, 15, 'AZ', 'TAR', 'Tartar', 1),
	(270, 15, 'AZ', 'TOV', 'Tovuz', 1),
	(271, 15, 'AZ', 'UCA', 'Ucar', 1),
	(272, 15, 'AZ', 'XA', 'Xankandi', 1),
	(273, 15, 'AZ', 'XAC', 'Xacmaz', 1),
	(274, 15, 'AZ', 'XAN', 'Xanlar', 1),
	(275, 15, 'AZ', 'XIZ', 'Xizi', 1),
	(276, 15, 'AZ', 'XCI', 'Xocali', 1),
	(277, 15, 'AZ', 'XVD', 'Xocavand', 1),
	(278, 15, 'AZ', 'YAR', 'Yardimli', 1),
	(279, 15, 'AZ', 'YEV', 'Yevlax', 1),
	(280, 15, 'AZ', 'ZAN', 'Zangilan', 1),
	(281, 15, 'AZ', 'ZAQ', 'Zaqatala', 1),
	(282, 15, 'AZ', 'ZAR', 'Zardab', 1),
	(283, 15, 'AZ', 'NX', 'Naxcivan', 1),
	(284, 16, 'BS', 'ACK', 'Acklins', 1),
	(285, 16, 'BS', 'BER', 'Berry Islands', 1),
	(286, 16, 'BS', 'BIM', 'Bimini', 1),
	(287, 16, 'BS', 'BLK', 'Black Point', 1),
	(288, 16, 'BS', 'CAT', 'Cat Island', 1),
	(289, 16, 'BS', 'CAB', 'Central Abaco', 1),
	(290, 16, 'BS', 'CAN', 'Central Andros', 1),
	(291, 16, 'BS', 'CEL', 'Central Eleuthera', 1),
	(292, 16, 'BS', 'FRE', 'City of Freeport', 1),
	(293, 16, 'BS', 'CRO', 'Crooked Island', 1),
	(294, 16, 'BS', 'EGB', 'East Grand Bahama', 1),
	(295, 16, 'BS', 'EXU', 'Exuma', 1),
	(296, 16, 'BS', 'GRD', 'Grand Cay', 1),
	(297, 16, 'BS', 'HAR', 'Harbour Island', 1),
	(298, 16, 'BS', 'HOP', 'Hope Town', 1),
	(299, 16, 'BS', 'INA', 'Inagua', 1),
	(300, 16, 'BS', 'LNG', 'Long Island', 1),
	(301, 16, 'BS', 'MAN', 'Mangrove Cay', 1),
	(302, 16, 'BS', 'MAY', 'Mayaguana', 1),
	(303, 16, 'BS', 'MOO', 'Moore\'s Island', 1),
	(304, 16, 'BS', 'NAB', 'North Abaco', 1),
	(305, 16, 'BS', 'NAN', 'North Andros', 1),
	(306, 16, 'BS', 'NEL', 'North Eleuthera', 1),
	(307, 16, 'BS', 'RAG', 'Ragged Island', 1),
	(308, 16, 'BS', 'RUM', 'Rum Cay', 1),
	(309, 16, 'BS', 'SAL', 'San Salvador', 1),
	(310, 16, 'BS', 'SAB', 'South Abaco', 1),
	(311, 16, 'BS', 'SAN', 'South Andros', 1),
	(312, 16, 'BS', 'SEL', 'South Eleuthera', 1),
	(313, 16, 'BS', 'SWE', 'Spanish Wells', 1),
	(314, 16, 'BS', 'WGB', 'West Grand Bahama', 1),
	(315, 17, 'BH', 'CAP', 'Capital', 1),
	(316, 17, 'BH', 'CEN', 'Central', 1),
	(317, 17, 'BH', 'MUH', 'Muharraq', 1),
	(318, 17, 'BH', 'NOR', 'Northern', 1),
	(319, 17, 'BH', 'SOU', 'Southern', 1),
	(320, 18, 'BD', 'BAR', 'Barisal', 1),
	(321, 18, 'BD', 'CHI', 'Chittagong', 1),
	(322, 18, 'BD', 'DHA', 'Dhaka', 1),
	(323, 18, 'BD', 'KHU', 'Khulna', 1),
	(324, 18, 'BD', 'RAJ', 'Rajshahi', 1),
	(325, 18, 'BD', 'SYL', 'Sylhet', 1),
	(326, 19, 'BB', 'CC', 'Christ Church', 1),
	(327, 19, 'BB', 'AND', 'Saint Andrew', 1),
	(328, 19, 'BB', 'GEO', 'Saint George', 1),
	(329, 19, 'BB', 'JAM', 'Saint James', 1),
	(330, 19, 'BB', 'JOH', 'Saint John', 1),
	(331, 19, 'BB', 'JOS', 'Saint Joseph', 1),
	(332, 19, 'BB', 'LUC', 'Saint Lucy', 1),
	(333, 19, 'BB', 'MIC', 'Saint Michael', 1),
	(334, 19, 'BB', 'PET', 'Saint Peter', 1),
	(335, 19, 'BB', 'PHI', 'Saint Philip', 1),
	(336, 19, 'BB', 'THO', 'Saint Thomas', 1),
	(337, 20, 'BY', 'BR', 'Brestskaya (Brest)', 1),
	(338, 20, 'BY', 'HO', 'Homyel\'skaya (Homyel\')', 1),
	(339, 20, 'BY', 'HM', 'Horad Minsk', 1),
	(340, 20, 'BY', 'HR', 'Hrodzyenskaya (Hrodna)', 1),
	(341, 20, 'BY', 'MA', 'Mahilyowskaya (Mahilyow)', 1),
	(342, 20, 'BY', 'MI', 'Minskaya', 1),
	(343, 20, 'BY', 'VI', 'Vitsyebskaya (Vitsyebsk)', 1),
	(344, 21, 'BE', 'VAN', 'Antwerpen', 1),
	(345, 21, 'BE', 'WBR', 'Brabant Wallon', 1),
	(346, 21, 'BE', 'WHT', 'Hainaut', 1),
	(347, 21, 'BE', 'WLG', 'Liege', 1),
	(348, 21, 'BE', 'VLI', 'Limburg', 1),
	(349, 21, 'BE', 'WLX', 'Luxembourg', 1),
	(350, 21, 'BE', 'WNA', 'Namur', 1),
	(351, 21, 'BE', 'VOV', 'Oost-Vlaanderen', 1),
	(352, 21, 'BE', 'VBR', 'Vlaams Brabant', 1),
	(353, 21, 'BE', 'VWV', 'West-Vlaanderen', 1),
	(354, 22, 'BZ', 'BZ', 'Belize', 1),
	(355, 22, 'BZ', 'CY', 'Cayo', 1),
	(356, 22, 'BZ', 'CR', 'Corozal', 1),
	(357, 22, 'BZ', 'OW', 'Orange Walk', 1),
	(358, 22, 'BZ', 'SC', 'Stann Creek', 1),
	(359, 22, 'BZ', 'TO', 'Toledo', 1),
	(360, 23, 'BJ', 'AL', 'Alibori', 1),
	(361, 23, 'BJ', 'AK', 'Atakora', 1),
	(362, 23, 'BJ', 'AQ', 'Atlantique', 1),
	(363, 23, 'BJ', 'BO', 'Borgou', 1),
	(364, 23, 'BJ', 'CO', 'Collines', 1),
	(365, 23, 'BJ', 'DO', 'Donga', 1),
	(366, 23, 'BJ', 'KO', 'Kouffo', 1),
	(367, 23, 'BJ', 'LI', 'Littoral', 1),
	(368, 23, 'BJ', 'MO', 'Mono', 1),
	(369, 23, 'BJ', 'OU', 'Oueme', 1),
	(370, 23, 'BJ', 'PL', 'Plateau', 1),
	(371, 23, 'BJ', 'ZO', 'Zou', 1),
	(372, 24, 'BM', 'DS', 'Devonshire', 1),
	(373, 24, 'BM', 'HC', 'Hamilton City', 1),
	(374, 24, 'BM', 'HA', 'Hamilton', 1),
	(375, 24, 'BM', 'PG', 'Paget', 1),
	(376, 24, 'BM', 'PB', 'Pembroke', 1),
	(377, 24, 'BM', 'GC', 'Saint George City', 1),
	(378, 24, 'BM', 'SG', 'Saint George\'s', 1),
	(379, 24, 'BM', 'SA', 'Sandys', 1),
	(380, 24, 'BM', 'SM', 'Smith\'s', 1),
	(381, 24, 'BM', 'SH', 'Southampton', 1),
	(382, 24, 'BM', 'WA', 'Warwick', 1),
	(383, 25, 'BT', 'BUM', 'Bumthang', 1),
	(384, 25, 'BT', 'CHU', 'Chukha', 1),
	(385, 25, 'BT', 'DAG', 'Dagana', 1),
	(386, 25, 'BT', 'GAS', 'Gasa', 1),
	(387, 25, 'BT', 'HAA', 'Haa', 1),
	(388, 25, 'BT', 'LHU', 'Lhuntse', 1),
	(389, 25, 'BT', 'MON', 'Mongar', 1),
	(390, 25, 'BT', 'PAR', 'Paro', 1),
	(391, 25, 'BT', 'PEM', 'Pemagatshel', 1),
	(392, 25, 'BT', 'PUN', 'Punakha', 1),
	(393, 25, 'BT', 'SJO', 'Samdrup Jongkhar', 1),
	(394, 25, 'BT', 'SAT', 'Samtse', 1),
	(395, 25, 'BT', 'SAR', 'Sarpang', 1),
	(396, 25, 'BT', 'THI', 'Thimphu', 1),
	(397, 25, 'BT', 'TRG', 'Trashigang', 1),
	(398, 25, 'BT', 'TRY', 'Trashiyangste', 1),
	(399, 25, 'BT', 'TRO', 'Trongsa', 1),
	(400, 25, 'BT', 'TSI', 'Tsirang', 1),
	(401, 25, 'BT', 'WPH', 'Wangdue Phodrang', 1),
	(402, 25, 'BT', 'ZHE', 'Zhemgang', 1),
	(403, 26, 'BO', 'BEN', 'Beni', 1),
	(404, 26, 'BO', 'CHU', 'Chuquisaca', 1),
	(405, 26, 'BO', 'COC', 'Cochabamba', 1),
	(406, 26, 'BO', 'LPZ', 'La Paz', 1),
	(407, 26, 'BO', 'ORU', 'Oruro', 1),
	(408, 26, 'BO', 'PAN', 'Pando', 1),
	(409, 26, 'BO', 'POT', 'Potosi', 1),
	(410, 26, 'BO', 'SCZ', 'Santa Cruz', 1),
	(411, 26, 'BO', 'TAR', 'Tarija', 1),
	(412, 27, 'BA', 'BRO', 'Brcko district', 1),
	(413, 27, 'BA', 'FUS', 'Unsko-Sanski Kanton', 1),
	(414, 27, 'BA', 'FPO', 'Posavski Kanton', 1),
	(415, 27, 'BA', 'FTU', 'Tuzlanski Kanton', 1),
	(416, 27, 'BA', 'FZE', 'Zenicko-Dobojski Kanton', 1),
	(417, 27, 'BA', 'FBP', 'Bosanskopodrinjski Kanton', 1),
	(418, 27, 'BA', 'FSB', 'Srednjebosanski Kanton', 1),
	(419, 27, 'BA', 'FHN', 'Hercegovacko-neretvanski Kanton', 1),
	(420, 27, 'BA', 'FZH', 'Zapadnohercegovacka Zupanija', 1),
	(421, 27, 'BA', 'FSA', 'Kanton Sarajevo', 1),
	(422, 27, 'BA', 'FZA', 'Zapadnobosanska', 1),
	(423, 27, 'BA', 'SBL', 'Banja Luka', 1),
	(424, 27, 'BA', 'SDO', 'Doboj', 1),
	(425, 27, 'BA', 'SBI', 'Bijeljina', 1),
	(426, 27, 'BA', 'SVL', 'Vlasenica', 1),
	(427, 27, 'BA', 'SSR', 'Sarajevo-Romanija or Sokolac', 1),
	(428, 27, 'BA', 'SFO', 'Foca', 1),
	(429, 27, 'BA', 'STR', 'Trebinje', 1),
	(430, 28, 'BW', 'CE', 'Central', 1),
	(431, 28, 'BW', 'GH', 'Ghanzi', 1),
	(432, 28, 'BW', 'KD', 'Kgalagadi', 1),
	(433, 28, 'BW', 'KT', 'Kgatleng', 1),
	(434, 28, 'BW', 'KW', 'Kweneng', 1),
	(435, 28, 'BW', 'NG', 'Ngamiland', 1),
	(436, 28, 'BW', 'NE', 'North East', 1),
	(437, 28, 'BW', 'NW', 'North West', 1),
	(438, 28, 'BW', 'SE', 'South East', 1),
	(439, 28, 'BW', 'SO', 'Southern', 1),
	(440, 30, 'BR', 'AC', 'Acre', 1),
	(441, 30, 'BR', 'AL', 'Alagoas', 1),
	(442, 30, 'BR', 'AP', 'Amapa', 1),
	(443, 30, 'BR', 'AM', 'Amazonas', 1),
	(444, 30, 'BR', 'BA', 'Bahia', 1),
	(445, 30, 'BR', 'CE', 'Ceara', 1),
	(446, 30, 'BR', 'DF', 'Distrito Federal', 1),
	(447, 30, 'BR', 'ES', 'Espirito Santo', 1),
	(448, 30, 'BR', 'GO', 'Goias', 1),
	(449, 30, 'BR', 'MA', 'Maranhao', 1),
	(450, 30, 'BR', 'MT', 'Mato Grosso', 1),
	(451, 30, 'BR', 'MS', 'Mato Grosso do Sul', 1),
	(452, 30, 'BR', 'MG', 'Minas Gerais', 1),
	(453, 30, 'BR', 'PA', 'Para', 1),
	(454, 30, 'BR', 'PB', 'Paraiba', 1),
	(455, 30, 'BR', 'PR', 'Parana', 1),
	(456, 30, 'BR', 'PE', 'Pernambuco', 1),
	(457, 30, 'BR', 'PI', 'Piaui', 1),
	(458, 30, 'BR', 'RJ', 'Rio de Janeiro', 1),
	(459, 30, 'BR', 'RN', 'Rio Grande do Norte', 1),
	(460, 30, 'BR', 'RS', 'Rio Grande do Sul', 1),
	(461, 30, 'BR', 'RO', 'Rondonia', 1),
	(462, 30, 'BR', 'RR', 'Roraima', 1),
	(463, 30, 'BR', 'SC', 'Santa Catarina', 1),
	(464, 30, 'BR', 'SP', 'Sao Paulo', 1),
	(465, 30, 'BR', 'SE', 'Sergipe', 1),
	(466, 30, 'BR', 'TO', 'Tocantins', 1),
	(467, 31, 'IO', 'PB', 'Peros Banhos', 1),
	(468, 31, 'IO', 'SI', 'Salomon Islands', 1),
	(469, 31, 'IO', 'NI', 'Nelsons Island', 1),
	(470, 31, 'IO', 'TB', 'Three Brothers', 1),
	(471, 31, 'IO', 'EA', 'Eagle Islands', 1),
	(472, 31, 'IO', 'DI', 'Danger Island', 1),
	(473, 31, 'IO', 'EG', 'Egmont Islands', 1),
	(474, 31, 'IO', 'DG', 'Diego Garcia', 1),
	(475, 32, 'BN', 'BEL', 'Belait', 1),
	(476, 32, 'BN', 'BRM', 'Brunei and Muara', 1),
	(477, 32, 'BN', 'TEM', 'Temburong', 1),
	(478, 32, 'BN', 'TUT', 'Tutong', 1),
	(479, 33, 'BG', '', 'Blagoevgrad', 1),
	(480, 33, 'BG', '', 'Burgas', 1),
	(481, 33, 'BG', '', 'Dobrich', 1),
	(482, 33, 'BG', '', 'Gabrovo', 1),
	(483, 33, 'BG', '', 'Haskovo', 1),
	(484, 33, 'BG', '', 'Kardjali', 1),
	(485, 33, 'BG', '', 'Kyustendil', 1),
	(486, 33, 'BG', '', 'Lovech', 1),
	(487, 33, 'BG', '', 'Montana', 1),
	(488, 33, 'BG', '', 'Pazardjik', 1),
	(489, 33, 'BG', '', 'Pernik', 1),
	(490, 33, 'BG', '', 'Pleven', 1),
	(491, 33, 'BG', '', 'Plovdiv', 1),
	(492, 33, 'BG', '', 'Razgrad', 1),
	(493, 33, 'BG', '', 'Shumen', 1),
	(494, 33, 'BG', '', 'Silistra', 1),
	(495, 33, 'BG', '', 'Sliven', 1),
	(496, 33, 'BG', '', 'Smolyan', 1),
	(497, 33, 'BG', '', 'Sofia', 1),
	(498, 33, 'BG', '', 'Sofia - town', 1),
	(499, 33, 'BG', '', 'Stara Zagora', 1),
	(500, 33, 'BG', '', 'Targovishte', 1),
	(501, 33, 'BG', '', 'Varna', 1),
	(502, 33, 'BG', '', 'Veliko Tarnovo', 1),
	(503, 33, 'BG', '', 'Vidin', 1),
	(504, 33, 'BG', '', 'Vratza', 1),
	(505, 33, 'BG', '', 'Yambol', 1),
	(506, 34, 'BF', 'BAL', 'Bale', 1),
	(507, 34, 'BF', 'BAM', 'Bam', 1),
	(508, 34, 'BF', 'BAN', 'Banwa', 1),
	(509, 34, 'BF', 'BAZ', 'Bazega', 1),
	(510, 34, 'BF', 'BOR', 'Bougouriba', 1),
	(511, 34, 'BF', 'BLG', 'Boulgou', 1),
	(512, 34, 'BF', 'BOK', 'Boulkiemde', 1),
	(513, 34, 'BF', 'COM', 'Comoe', 1),
	(514, 34, 'BF', 'GAN', 'Ganzourgou', 1),
	(515, 34, 'BF', 'GNA', 'Gnagna', 1),
	(516, 34, 'BF', 'GOU', 'Gourma', 1),
	(517, 34, 'BF', 'HOU', 'Houet', 1),
	(518, 34, 'BF', 'IOA', 'Ioba', 1),
	(519, 34, 'BF', 'KAD', 'Kadiogo', 1),
	(520, 34, 'BF', 'KEN', 'Kenedougou', 1),
	(521, 34, 'BF', 'KOD', 'Komondjari', 1),
	(522, 34, 'BF', 'KOP', 'Kompienga', 1),
	(523, 34, 'BF', 'KOS', 'Kossi', 1),
	(524, 34, 'BF', 'KOL', 'Koulpelogo', 1),
	(525, 34, 'BF', 'KOT', 'Kouritenga', 1),
	(526, 34, 'BF', 'KOW', 'Kourweogo', 1),
	(527, 34, 'BF', 'LER', 'Leraba', 1),
	(528, 34, 'BF', 'LOR', 'Loroum', 1),
	(529, 34, 'BF', 'MOU', 'Mouhoun', 1),
	(530, 34, 'BF', 'NAH', 'Nahouri', 1),
	(531, 34, 'BF', 'NAM', 'Namentenga', 1),
	(532, 34, 'BF', 'NAY', 'Nayala', 1),
	(533, 34, 'BF', 'NOU', 'Noumbiel', 1),
	(534, 34, 'BF', 'OUB', 'Oubritenga', 1),
	(535, 34, 'BF', 'OUD', 'Oudalan', 1),
	(536, 34, 'BF', 'PAS', 'Passore', 1),
	(537, 34, 'BF', 'PON', 'Poni', 1),
	(538, 34, 'BF', 'SAG', 'Sanguie', 1),
	(539, 34, 'BF', 'SAM', 'Sanmatenga', 1),
	(540, 34, 'BF', 'SEN', 'Seno', 1),
	(541, 34, 'BF', 'SIS', 'Sissili', 1),
	(542, 34, 'BF', 'SOM', 'Soum', 1),
	(543, 34, 'BF', 'SOR', 'Sourou', 1),
	(544, 34, 'BF', 'TAP', 'Tapoa', 1),
	(545, 34, 'BF', 'TUY', 'Tuy', 1),
	(546, 34, 'BF', 'YAG', 'Yagha', 1),
	(547, 34, 'BF', 'YAT', 'Yatenga', 1),
	(548, 34, 'BF', 'ZIR', 'Ziro', 1),
	(549, 34, 'BF', 'ZOD', 'Zondoma', 1),
	(550, 34, 'BF', 'ZOW', 'Zoundweogo', 1),
	(551, 35, 'BI', 'BB', 'Bubanza', 1),
	(552, 35, 'BI', 'BJ', 'Bujumbura', 1),
	(553, 35, 'BI', 'BR', 'Bururi', 1),
	(554, 35, 'BI', 'CA', 'Cankuzo', 1),
	(555, 35, 'BI', 'CI', 'Cibitoke', 1),
	(556, 35, 'BI', 'GI', 'Gitega', 1),
	(557, 35, 'BI', 'KR', 'Karuzi', 1),
	(558, 35, 'BI', 'KY', 'Kayanza', 1),
	(559, 35, 'BI', 'KI', 'Kirundo', 1),
	(560, 35, 'BI', 'MA', 'Makamba', 1),
	(561, 35, 'BI', 'MU', 'Muramvya', 1),
	(562, 35, 'BI', 'MY', 'Muyinga', 1),
	(563, 35, 'BI', 'MW', 'Mwaro', 1),
	(564, 35, 'BI', 'NG', 'Ngozi', 1),
	(565, 35, 'BI', 'RT', 'Rutana', 1),
	(566, 35, 'BI', 'RY', 'Ruyigi', 1),
	(567, 36, 'KH', 'PP', 'Phnom Penh', 1),
	(568, 36, 'KH', 'PS', 'Preah Seihanu (Kompong Som or Si', 1),
	(569, 36, 'KH', 'PA', 'Pailin', 1),
	(570, 36, 'KH', 'KB', 'Keb', 1),
	(571, 36, 'KH', 'BM', 'Banteay Meanchey', 1),
	(572, 36, 'KH', 'BA', 'Battambang', 1),
	(573, 36, 'KH', 'KM', 'Kampong Cham', 1),
	(574, 36, 'KH', 'KN', 'Kampong Chhnang', 1),
	(575, 36, 'KH', 'KU', 'Kampong Speu', 1),
	(576, 36, 'KH', 'KO', 'Kampong Som', 1),
	(577, 36, 'KH', 'KT', 'Kampong Thom', 1),
	(578, 36, 'KH', 'KP', 'Kampot', 1),
	(579, 36, 'KH', 'KL', 'Kandal', 1),
	(580, 36, 'KH', 'KK', 'Kaoh Kong', 1),
	(581, 36, 'KH', 'KR', 'Kratie', 1),
	(582, 36, 'KH', 'MK', 'Mondul Kiri', 1),
	(583, 36, 'KH', 'OM', 'Oddar Meancheay', 1),
	(584, 36, 'KH', 'PU', 'Pursat', 1),
	(585, 36, 'KH', 'PR', 'Preah Vihear', 1),
	(586, 36, 'KH', 'PG', 'Prey Veng', 1),
	(587, 36, 'KH', 'RK', 'Ratanak Kiri', 1),
	(588, 36, 'KH', 'SI', 'Siemreap', 1),
	(589, 36, 'KH', 'ST', 'Stung Treng', 1),
	(590, 36, 'KH', 'SR', 'Svay Rieng', 1),
	(591, 36, 'KH', 'TK', 'Takeo', 1),
	(592, 37, 'CM', 'ADA', 'Adamawa (Adamaoua)', 1),
	(593, 37, 'CM', 'CEN', 'Centre', 1),
	(594, 37, 'CM', 'EST', 'East (Est)', 1),
	(595, 37, 'CM', 'EXN', 'Extreme North (Extrême-Nord)', 1),
	(596, 37, 'CM', 'LIT', 'Littoral', 1),
	(597, 37, 'CM', 'NOR', 'North (Nord)', 1),
	(598, 37, 'CM', 'NOT', 'Northwest (Nord-Ouest)', 1),
	(599, 37, 'CM', 'OUE', 'West (Ouest)', 1),
	(600, 37, 'CM', 'SUD', 'South (Sud)', 1),
	(601, 37, 'CM', 'SOU', 'Southwest (Sud-Ouest).', 1),
	(602, 38, 'CA', 'AB', 'Alberta', 1),
	(603, 38, 'CA', 'BC', 'British Columbia', 1),
	(604, 38, 'CA', 'MB', 'Manitoba', 1),
	(605, 38, 'CA', 'NB', 'New Brunswick', 1),
	(606, 38, 'CA', 'NL', 'Newfoundland and Labrador', 1),
	(607, 38, 'CA', 'NT', 'Northwest Territories', 1),
	(608, 38, 'CA', 'NS', 'Nova Scotia', 1),
	(609, 38, 'CA', 'NU', 'Nunavut', 1),
	(610, 38, 'CA', 'ON', 'Ontario', 1),
	(611, 38, 'CA', 'PE', 'Prince Edward Island', 1),
	(612, 38, 'CA', 'QC', 'Qu&eacute;bec', 1),
	(613, 38, 'CA', 'SK', 'Saskatchewan', 1),
	(614, 38, 'CA', 'YT', 'Yukon Territory', 1),
	(615, 39, 'CV', 'BV', 'Boa Vista', 1),
	(616, 39, 'CV', 'BR', 'Brava', 1),
	(617, 39, 'CV', 'CS', 'Calheta de Sao Miguel', 1),
	(618, 39, 'CV', 'MA', 'Maio', 1),
	(619, 39, 'CV', 'MO', 'Mosteiros', 1),
	(620, 39, 'CV', 'PA', 'Paul', 1),
	(621, 39, 'CV', 'PN', 'Porto Novo', 1),
	(622, 39, 'CV', 'PR', 'Praia', 1),
	(623, 39, 'CV', 'RG', 'Ribeira Grande', 1),
	(624, 39, 'CV', 'SL', 'Sal', 1),
	(625, 39, 'CV', 'CA', 'Santa Catarina', 1),
	(626, 39, 'CV', 'CR', 'Santa Cruz', 1),
	(627, 39, 'CV', 'SD', 'Sao Domingos', 1),
	(628, 39, 'CV', 'SF', 'Sao Filipe', 1),
	(629, 39, 'CV', 'SN', 'Sao Nicolau', 1),
	(630, 39, 'CV', 'SV', 'Sao Vicente', 1),
	(631, 39, 'CV', 'TA', 'Tarrafal', 1),
	(632, 40, 'KY', 'CR', 'Creek', 1),
	(633, 40, 'KY', 'EA', 'Eastern', 1),
	(634, 40, 'KY', 'ML', 'Midland', 1),
	(635, 40, 'KY', 'ST', 'South Town', 1),
	(636, 40, 'KY', 'SP', 'Spot Bay', 1),
	(637, 40, 'KY', 'SK', 'Stake Bay', 1),
	(638, 40, 'KY', 'WD', 'West End', 1),
	(639, 40, 'KY', 'WN', 'Western', 1),
	(640, 41, 'CF', 'BBA', 'Bamingui-Bangoran', 1),
	(641, 41, 'CF', 'BKO', 'Basse-Kotto', 1),
	(642, 41, 'CF', 'HKO', 'Haute-Kotto', 1),
	(643, 41, 'CF', 'HMB', 'Haut-Mbomou', 1),
	(644, 41, 'CF', 'KEM', 'Kemo', 1),
	(645, 41, 'CF', 'LOB', 'Lobaye', 1),
	(646, 41, 'CF', 'MKD', 'Mambere-Kadeï', 1),
	(647, 41, 'CF', 'MBO', 'Mbomou', 1),
	(648, 41, 'CF', 'NMM', 'Nana-Mambere', 1),
	(649, 41, 'CF', 'OMP', 'Ombella-M\'Poko', 1),
	(650, 41, 'CF', 'OUK', 'Ouaka', 1),
	(651, 41, 'CF', 'OUH', 'Ouham', 1),
	(652, 41, 'CF', 'OPE', 'Ouham-Pende', 1),
	(653, 41, 'CF', 'VAK', 'Vakaga', 1),
	(654, 41, 'CF', 'NGR', 'Nana-Grebizi', 1),
	(655, 41, 'CF', 'SMB', 'Sangha-Mbaere', 1),
	(656, 41, 'CF', 'BAN', 'Bangui', 1),
	(657, 42, 'TD', 'BA', 'Batha', 1),
	(658, 42, 'TD', 'BI', 'Biltine', 1),
	(659, 42, 'TD', 'BE', 'Borkou-Ennedi-Tibesti', 1),
	(660, 42, 'TD', 'CB', 'Chari-Baguirmi', 1),
	(661, 42, 'TD', 'GU', 'Guera', 1),
	(662, 42, 'TD', 'KA', 'Kanem', 1),
	(663, 42, 'TD', 'LA', 'Lac', 1),
	(664, 42, 'TD', 'LC', 'Logone Occidental', 1),
	(665, 42, 'TD', 'LR', 'Logone Oriental', 1),
	(666, 42, 'TD', 'MK', 'Mayo-Kebbi', 1),
	(667, 42, 'TD', 'MC', 'Moyen-Chari', 1),
	(668, 42, 'TD', 'OU', 'Ouaddai', 1),
	(669, 42, 'TD', 'SA', 'Salamat', 1),
	(670, 42, 'TD', 'TA', 'Tandjile', 1),
	(671, 43, 'CL', 'AI', 'Aisen del General Carlos Ibanez', 1),
	(672, 43, 'CL', 'AN', 'Antofagasta', 1),
	(673, 43, 'CL', 'AR', 'Araucania', 1),
	(674, 43, 'CL', 'AT', 'Atacama', 1),
	(675, 43, 'CL', 'BI', 'Bio-Bio', 1),
	(676, 43, 'CL', 'CO', 'Coquimbo', 1),
	(677, 43, 'CL', 'LI', 'Libertador General Bernardo O\'Hi', 1),
	(678, 43, 'CL', 'LL', 'Los Lagos', 1),
	(679, 43, 'CL', 'MA', 'Magallanes y de la Antartica Chi', 1),
	(680, 43, 'CL', 'ML', 'Maule', 1),
	(681, 43, 'CL', 'RM', 'Region Metropolitana', 1),
	(682, 43, 'CL', 'TA', 'Tarapaca', 1),
	(683, 43, 'CL', 'VS', 'Valparaiso', 1),
	(684, 44, 'CN', 'AN', 'Anhui', 1),
	(685, 44, 'CN', 'BE', 'Beijing', 1),
	(686, 44, 'CN', 'CH', 'Chongqing', 1),
	(687, 44, 'CN', 'FU', 'Fujian', 1),
	(688, 44, 'CN', 'GA', 'Gansu', 1),
	(689, 44, 'CN', 'GU', 'Guangdong', 1),
	(690, 44, 'CN', 'GX', 'Guangxi', 1),
	(691, 44, 'CN', 'GZ', 'Guizhou', 1),
	(692, 44, 'CN', 'HA', 'Hainan', 1),
	(693, 44, 'CN', 'HB', 'Hebei', 1),
	(694, 44, 'CN', 'HL', 'Heilongjiang', 1),
	(695, 44, 'CN', 'HE', 'Henan', 1),
	(696, 44, 'CN', 'HK', 'Hong Kong', 1),
	(697, 44, 'CN', 'HU', 'Hubei', 1),
	(698, 44, 'CN', 'HN', 'Hunan', 1),
	(699, 44, 'CN', 'IM', 'Inner Mongolia', 1),
	(700, 44, 'CN', 'JI', 'Jiangsu', 1),
	(701, 44, 'CN', 'JX', 'Jiangxi', 1),
	(702, 44, 'CN', 'JL', 'Jilin', 1),
	(703, 44, 'CN', 'LI', 'Liaoning', 1),
	(704, 44, 'CN', 'MA', 'Macau', 1),
	(705, 44, 'CN', 'NI', 'Ningxia', 1),
	(706, 44, 'CN', 'SH', 'Shaanxi', 1),
	(707, 44, 'CN', 'SA', 'Shandong', 1),
	(708, 44, 'CN', 'SG', 'Shanghai', 1),
	(709, 44, 'CN', 'SX', 'Shanxi', 1),
	(710, 44, 'CN', 'SI', 'Sichuan', 1),
	(711, 44, 'CN', 'TI', 'Tianjin', 1),
	(712, 44, 'CN', 'XI', 'Xinjiang', 1),
	(713, 44, 'CN', 'YU', 'Yunnan', 1),
	(714, 44, 'CN', 'ZH', 'Zhejiang', 1),
	(715, 46, 'CC', 'D', 'Direction Island', 1),
	(716, 46, 'CC', 'H', 'Home Island', 1),
	(717, 46, 'CC', 'O', 'Horsburgh Island', 1),
	(718, 46, 'CC', 'S', 'South Island', 1),
	(719, 46, 'CC', 'W', 'West Island', 1),
	(720, 47, 'CO', 'AMZ', 'Amazonas', 1),
	(721, 47, 'CO', 'ANT', 'Antioquia', 1),
	(722, 47, 'CO', 'ARA', 'Arauca', 1),
	(723, 47, 'CO', 'ATL', 'Atlantico', 1),
	(724, 47, 'CO', 'BDC', 'Bogota D.C.', 1),
	(725, 47, 'CO', 'BOL', 'Bolivar', 1),
	(726, 47, 'CO', 'BOY', 'Boyaca', 1),
	(727, 47, 'CO', 'CAL', 'Caldas', 1),
	(728, 47, 'CO', 'CAQ', 'Caqueta', 1),
	(729, 47, 'CO', 'CAS', 'Casanare', 1),
	(730, 47, 'CO', 'CAU', 'Cauca', 1),
	(731, 47, 'CO', 'CES', 'Cesar', 1),
	(732, 47, 'CO', 'CHO', 'Choco', 1),
	(733, 47, 'CO', 'COR', 'Cordoba', 1),
	(734, 47, 'CO', 'CAM', 'Cundinamarca', 1),
	(735, 47, 'CO', 'GNA', 'Guainia', 1),
	(736, 47, 'CO', 'GJR', 'Guajira', 1),
	(737, 47, 'CO', 'GVR', 'Guaviare', 1),
	(738, 47, 'CO', 'HUI', 'Huila', 1),
	(739, 47, 'CO', 'MAG', 'Magdalena', 1),
	(740, 47, 'CO', 'MET', 'Meta', 1),
	(741, 47, 'CO', 'NAR', 'Narino', 1),
	(742, 47, 'CO', 'NDS', 'Norte de Santander', 1),
	(743, 47, 'CO', 'PUT', 'Putumayo', 1),
	(744, 47, 'CO', 'QUI', 'Quindio', 1),
	(745, 47, 'CO', 'RIS', 'Risaralda', 1),
	(746, 47, 'CO', 'SAP', 'San Andres y Providencia', 1),
	(747, 47, 'CO', 'SAN', 'Santander', 1),
	(748, 47, 'CO', 'SUC', 'Sucre', 1),
	(749, 47, 'CO', 'TOL', 'Tolima', 1),
	(750, 47, 'CO', 'VDC', 'Valle del Cauca', 1),
	(751, 47, 'CO', 'VAU', 'Vaupes', 1),
	(752, 47, 'CO', 'VIC', 'Vichada', 1),
	(753, 48, 'KM', 'G', 'Grande Comore', 1),
	(754, 48, 'KM', 'A', 'Anjouan', 1),
	(755, 48, 'KM', 'M', 'Moheli', 1),
	(756, 49, 'CG', 'BO', 'Bouenza', 1),
	(757, 49, 'CG', 'BR', 'Brazzaville', 1),
	(758, 49, 'CG', 'CU', 'Cuvette', 1),
	(759, 49, 'CG', 'CO', 'Cuvette-Ouest', 1),
	(760, 49, 'CG', 'KO', 'Kouilou', 1),
	(761, 49, 'CG', 'LE', 'Lekoumou', 1),
	(762, 49, 'CG', 'LI', 'Likouala', 1),
	(763, 49, 'CG', 'NI', 'Niari', 1),
	(764, 49, 'CG', 'PL', 'Plateaux', 1),
	(765, 49, 'CG', 'PO', 'Pool', 1),
	(766, 49, 'CG', 'SA', 'Sangha', 1),
	(767, 50, 'CK', 'PU', 'Pukapuka', 1),
	(768, 50, 'CK', 'RK', 'Rakahanga', 1),
	(769, 50, 'CK', 'MK', 'Manihiki', 1),
	(770, 50, 'CK', 'PE', 'Penrhyn', 1),
	(771, 50, 'CK', 'NI', 'Nassau Island', 1),
	(772, 50, 'CK', 'SU', 'Surwarrow', 1),
	(773, 50, 'CK', 'PA', 'Palmerston', 1),
	(774, 50, 'CK', 'AI', 'Aitutaki', 1),
	(775, 50, 'CK', 'MA', 'Manuae', 1),
	(776, 50, 'CK', 'TA', 'Takutea', 1),
	(777, 50, 'CK', 'MT', 'Mitiaro', 1),
	(778, 50, 'CK', 'AT', 'Atiu', 1),
	(779, 50, 'CK', 'MU', 'Mauke', 1),
	(780, 50, 'CK', 'RR', 'Rarotonga', 1),
	(781, 50, 'CK', 'MG', 'Mangaia', 1),
	(782, 51, 'CR', 'AL', 'Alajuela', 1),
	(783, 51, 'CR', 'CA', 'Cartago', 1),
	(784, 51, 'CR', 'GU', 'Guanacaste', 1),
	(785, 51, 'CR', 'HE', 'Heredia', 1),
	(786, 51, 'CR', 'LI', 'Limon', 1),
	(787, 51, 'CR', 'PU', 'Puntarenas', 1),
	(788, 51, 'CR', 'SJ', 'San Jose', 1),
	(789, 52, 'CI', 'ABE', 'Abengourou', 1),
	(790, 52, 'CI', 'ABI', 'Abidjan', 1),
	(791, 52, 'CI', 'ABO', 'Aboisso', 1),
	(792, 52, 'CI', 'ADI', 'Adiake', 1),
	(793, 52, 'CI', 'ADZ', 'Adzope', 1),
	(794, 52, 'CI', 'AGB', 'Agboville', 1),
	(795, 52, 'CI', 'AGN', 'Agnibilekrou', 1),
	(796, 52, 'CI', 'ALE', 'Alepe', 1),
	(797, 52, 'CI', 'BOC', 'Bocanda', 1),
	(798, 52, 'CI', 'BAN', 'Bangolo', 1),
	(799, 52, 'CI', 'BEO', 'Beoumi', 1),
	(800, 52, 'CI', 'BIA', 'Biankouma', 1),
	(801, 52, 'CI', 'BDK', 'Bondoukou', 1),
	(802, 52, 'CI', 'BGN', 'Bongouanou', 1),
	(803, 52, 'CI', 'BFL', 'Bouafle', 1),
	(804, 52, 'CI', 'BKE', 'Bouake', 1),
	(805, 52, 'CI', 'BNA', 'Bouna', 1),
	(806, 52, 'CI', 'BDL', 'Boundiali', 1),
	(807, 52, 'CI', 'DKL', 'Dabakala', 1),
	(808, 52, 'CI', 'DBU', 'Dabou', 1),
	(809, 52, 'CI', 'DAL', 'Daloa', 1),
	(810, 52, 'CI', 'DAN', 'Danane', 1),
	(811, 52, 'CI', 'DAO', 'Daoukro', 1),
	(812, 52, 'CI', 'DIM', 'Dimbokro', 1),
	(813, 52, 'CI', 'DIV', 'Divo', 1),
	(814, 52, 'CI', 'DUE', 'Duekoue', 1),
	(815, 52, 'CI', 'FER', 'Ferkessedougou', 1),
	(816, 52, 'CI', 'GAG', 'Gagnoa', 1),
	(817, 52, 'CI', 'GBA', 'Grand-Bassam', 1),
	(818, 52, 'CI', 'GLA', 'Grand-Lahou', 1),
	(819, 52, 'CI', 'GUI', 'Guiglo', 1),
	(820, 52, 'CI', 'ISS', 'Issia', 1),
	(821, 52, 'CI', 'JAC', 'Jacqueville', 1),
	(822, 52, 'CI', 'KAT', 'Katiola', 1),
	(823, 52, 'CI', 'KOR', 'Korhogo', 1),
	(824, 52, 'CI', 'LAK', 'Lakota', 1),
	(825, 52, 'CI', 'MAN', 'Man', 1),
	(826, 52, 'CI', 'MKN', 'Mankono', 1),
	(827, 52, 'CI', 'MBA', 'Mbahiakro', 1),
	(828, 52, 'CI', 'ODI', 'Odienne', 1),
	(829, 52, 'CI', 'OUM', 'Oume', 1),
	(830, 52, 'CI', 'SAK', 'Sakassou', 1),
	(831, 52, 'CI', 'SPE', 'San-Pedro', 1),
	(832, 52, 'CI', 'SAS', 'Sassandra', 1),
	(833, 52, 'CI', 'SEG', 'Seguela', 1),
	(834, 52, 'CI', 'SIN', 'Sinfra', 1),
	(835, 52, 'CI', 'SOU', 'Soubre', 1),
	(836, 52, 'CI', 'TAB', 'Tabou', 1),
	(837, 52, 'CI', 'TAN', 'Tanda', 1),
	(838, 52, 'CI', 'TIE', 'Tiebissou', 1),
	(839, 52, 'CI', 'TIN', 'Tingrela', 1),
	(840, 52, 'CI', 'TIA', 'Tiassale', 1),
	(841, 52, 'CI', 'TBA', 'Touba', 1),
	(842, 52, 'CI', 'TLP', 'Toulepleu', 1),
	(843, 52, 'CI', 'TMD', 'Toumodi', 1),
	(844, 52, 'CI', 'VAV', 'Vavoua', 1),
	(845, 52, 'CI', 'YAM', 'Yamoussoukro', 1),
	(846, 52, 'CI', 'ZUE', 'Zuenoula', 1),
	(847, 53, 'HR', 'BB', 'Bjelovar-Bilogora', 1),
	(848, 53, 'HR', 'CZ', 'City of Zagreb', 1),
	(849, 53, 'HR', 'DN', 'Dubrovnik-Neretva', 1),
	(850, 53, 'HR', 'IS', 'Istra', 1),
	(851, 53, 'HR', 'KA', 'Karlovac', 1),
	(852, 53, 'HR', 'KK', 'Koprivnica-Krizevci', 1),
	(853, 53, 'HR', 'KZ', 'Krapina-Zagorje', 1),
	(854, 53, 'HR', 'LS', 'Lika-Senj', 1),
	(855, 53, 'HR', 'ME', 'Medimurje', 1),
	(856, 53, 'HR', 'OB', 'Osijek-Baranja', 1),
	(857, 53, 'HR', 'PS', 'Pozega-Slavonia', 1),
	(858, 53, 'HR', 'PG', 'Primorje-Gorski Kotar', 1),
	(859, 53, 'HR', 'SI', 'Sibenik', 1),
	(860, 53, 'HR', 'SM', 'Sisak-Moslavina', 1),
	(861, 53, 'HR', 'SB', 'Slavonski Brod-Posavina', 1),
	(862, 53, 'HR', 'SD', 'Split-Dalmatia', 1),
	(863, 53, 'HR', 'VA', 'Varazdin', 1),
	(864, 53, 'HR', 'VP', 'Virovitica-Podravina', 1),
	(865, 53, 'HR', 'VS', 'Vukovar-Srijem', 1),
	(866, 53, 'HR', 'ZK', 'Zadar-Knin', 1),
	(867, 53, 'HR', 'ZA', 'Zagreb', 1),
	(868, 54, 'CU', 'CA', 'Camaguey', 1),
	(869, 54, 'CU', 'CD', 'Ciego de Avila', 1),
	(870, 54, 'CU', 'CI', 'Cienfuegos', 1),
	(871, 54, 'CU', 'CH', 'Ciudad de La Habana', 1),
	(872, 54, 'CU', 'GR', 'Granma', 1),
	(873, 54, 'CU', 'GU', 'Guantanamo', 1),
	(874, 54, 'CU', 'HO', 'Holguin', 1),
	(875, 54, 'CU', 'IJ', 'Isla de la Juventud', 1),
	(876, 54, 'CU', 'LH', 'La Habana', 1),
	(877, 54, 'CU', 'LT', 'Las Tunas', 1),
	(878, 54, 'CU', 'MA', 'Matanzas', 1),
	(879, 54, 'CU', 'PR', 'Pinar del Rio', 1),
	(880, 54, 'CU', 'SS', 'Sancti Spiritus', 1),
	(881, 54, 'CU', 'SC', 'Santiago de Cuba', 1),
	(882, 54, 'CU', 'VC', 'Villa Clara', 1),
	(883, 55, 'CY', 'F', 'Famagusta', 1),
	(884, 55, 'CY', 'K', 'Kyrenia', 1),
	(885, 55, 'CY', 'A', 'Larnaca', 1),
	(886, 55, 'CY', 'I', 'Limassol', 1),
	(887, 55, 'CY', 'N', 'Nicosia', 1),
	(888, 55, 'CY', 'P', 'Paphos', 1),
	(889, 56, 'CZ', 'U', 'Ustecky', 1),
	(890, 56, 'CZ', 'C', 'Jihocesky', 1),
	(891, 56, 'CZ', 'B', 'Jihomoravsky', 1),
	(892, 56, 'CZ', 'K', 'Karlovarsky', 1),
	(893, 56, 'CZ', 'H', 'Kralovehradecky', 1),
	(894, 56, 'CZ', 'L', 'Liberecky', 1),
	(895, 56, 'CZ', 'T', 'Moravskoslezsky', 1),
	(896, 56, 'CZ', 'M', 'Olomoucky', 1),
	(897, 56, 'CZ', 'E', 'Pardubicky', 1),
	(898, 56, 'CZ', 'P', 'Plzensky', 1),
	(899, 56, 'CZ', 'A', 'Praha', 1),
	(900, 56, 'CZ', 'S', 'Stredocesky', 1),
	(901, 56, 'CZ', 'J', 'Vysocina', 1),
	(902, 56, 'CZ', 'Z', 'Zlinsky', 1),
	(903, 57, 'DK', 'AR', 'Arhus', 1),
	(904, 57, 'DK', 'BH', 'Bornholm', 1),
	(905, 57, 'DK', 'CO', 'Copenhagen', 1),
	(906, 57, 'DK', 'FO', 'Faroe Islands', 1),
	(907, 57, 'DK', 'FR', 'Frederiksborg', 1),
	(908, 57, 'DK', 'FY', 'Fyn', 1),
	(909, 57, 'DK', 'KO', 'Kobenhavn', 1),
	(910, 57, 'DK', 'NO', 'Nordjylland', 1),
	(911, 57, 'DK', 'RI', 'Ribe', 1),
	(912, 57, 'DK', 'RK', 'Ringkobing', 1),
	(913, 57, 'DK', 'RO', 'Roskilde', 1),
	(914, 57, 'DK', 'SO', 'Sonderjylland', 1),
	(915, 57, 'DK', 'ST', 'Storstrom', 1),
	(916, 57, 'DK', 'VK', 'Vejle', 1),
	(917, 57, 'DK', 'VJ', 'Vestj&aelig;lland', 1),
	(918, 57, 'DK', 'VB', 'Viborg', 1),
	(919, 58, 'DJ', 'S', '\'Ali Sabih', 1),
	(920, 58, 'DJ', 'K', 'Dikhil', 1),
	(921, 58, 'DJ', 'J', 'Djibouti', 1),
	(922, 58, 'DJ', 'O', 'Obock', 1),
	(923, 58, 'DJ', 'T', 'Tadjoura', 1),
	(924, 59, 'DM', 'AND', 'Saint Andrew Parish', 1),
	(925, 59, 'DM', 'DAV', 'Saint David Parish', 1),
	(926, 59, 'DM', 'GEO', 'Saint George Parish', 1),
	(927, 59, 'DM', 'JOH', 'Saint John Parish', 1),
	(928, 59, 'DM', 'JOS', 'Saint Joseph Parish', 1),
	(929, 59, 'DM', 'LUK', 'Saint Luke Parish', 1),
	(930, 59, 'DM', 'MAR', 'Saint Mark Parish', 1),
	(931, 59, 'DM', 'PAT', 'Saint Patrick Parish', 1),
	(932, 59, 'DM', 'PAU', 'Saint Paul Parish', 1),
	(933, 59, 'DM', 'PET', 'Saint Peter Parish', 1),
	(934, 60, 'DO', 'DN', 'Distrito Nacional', 1),
	(935, 60, 'DO', 'AZ', 'Azua', 1),
	(936, 60, 'DO', 'BC', 'Baoruco', 1),
	(937, 60, 'DO', 'BH', 'Barahona', 1),
	(938, 60, 'DO', 'DJ', 'Dajabon', 1),
	(939, 60, 'DO', 'DU', 'Duarte', 1),
	(940, 60, 'DO', 'EL', 'Elias Pina', 1),
	(941, 60, 'DO', 'SY', 'El Seybo', 1),
	(942, 60, 'DO', 'ET', 'Espaillat', 1),
	(943, 60, 'DO', 'HM', 'Hato Mayor', 1),
	(944, 60, 'DO', 'IN', 'Independencia', 1),
	(945, 60, 'DO', 'AL', 'La Altagracia', 1),
	(946, 60, 'DO', 'RO', 'La Romana', 1),
	(947, 60, 'DO', 'VE', 'La Vega', 1),
	(948, 60, 'DO', 'MT', 'Maria Trinidad Sanchez', 1),
	(949, 60, 'DO', 'MN', 'Monsenor Nouel', 1),
	(950, 60, 'DO', 'MC', 'Monte Cristi', 1),
	(951, 60, 'DO', 'MP', 'Monte Plata', 1),
	(952, 60, 'DO', 'PD', 'Pedernales', 1),
	(953, 60, 'DO', 'PR', 'Peravia (Bani)', 1),
	(954, 60, 'DO', 'PP', 'Puerto Plata', 1),
	(955, 60, 'DO', 'SL', 'Salcedo', 1),
	(956, 60, 'DO', 'SM', 'Samana', 1),
	(957, 60, 'DO', 'SH', 'Sanchez Ramirez', 1),
	(958, 60, 'DO', 'SC', 'San Cristobal', 1),
	(959, 60, 'DO', 'JO', 'San Jose de Ocoa', 1),
	(960, 60, 'DO', 'SJ', 'San Juan', 1),
	(961, 60, 'DO', 'PM', 'San Pedro de Macoris', 1),
	(962, 60, 'DO', 'SA', 'Santiago', 1),
	(963, 60, 'DO', 'ST', 'Santiago Rodriguez', 1),
	(964, 60, 'DO', 'SD', 'Santo Domingo', 1),
	(965, 60, 'DO', 'VA', 'Valverde', 1),
	(966, 61, 'TP', 'AL', 'Aileu', 1),
	(967, 61, 'TP', 'AN', 'Ainaro', 1),
	(968, 61, 'TP', 'BA', 'Baucau', 1),
	(969, 61, 'TP', 'BO', 'Bobonaro', 1),
	(970, 61, 'TP', 'CO', 'Cova Lima', 1),
	(971, 61, 'TP', 'DI', 'Dili', 1),
	(972, 61, 'TP', 'ER', 'Ermera', 1),
	(973, 61, 'TP', 'LA', 'Lautem', 1),
	(974, 61, 'TP', 'LI', 'Liquica', 1),
	(975, 61, 'TP', 'MT', 'Manatuto', 1),
	(976, 61, 'TP', 'MF', 'Manufahi', 1),
	(977, 61, 'TP', 'OE', 'Oecussi', 1),
	(978, 61, 'TP', 'VI', 'Viqueque', 1),
	(979, 62, 'EC', 'AZU', 'Azuay', 1),
	(980, 62, 'EC', 'BOL', 'Bolivar', 1),
	(981, 62, 'EC', 'CAN', 'Ca&ntilde;ar', 1),
	(982, 62, 'EC', 'CAR', 'Carchi', 1),
	(983, 62, 'EC', 'CHI', 'Chimborazo', 1),
	(984, 62, 'EC', 'COT', 'Cotopaxi', 1),
	(985, 62, 'EC', 'EOR', 'El Oro', 1),
	(986, 62, 'EC', 'ESM', 'Esmeraldas', 1),
	(987, 62, 'EC', 'GPS', 'Gal&aacute;pagos', 1),
	(988, 62, 'EC', 'GUA', 'Guayas', 1),
	(989, 62, 'EC', 'IMB', 'Imbabura', 1),
	(990, 62, 'EC', 'LOJ', 'Loja', 1),
	(991, 62, 'EC', 'LRO', 'Los Ríos', 1),
	(992, 62, 'EC', 'MAN', 'Manab&iacute;', 1),
	(993, 62, 'EC', 'MSA', 'Morona Santiago', 1),
	(994, 62, 'EC', 'NAP', 'Napo', 1),
	(995, 62, 'EC', 'ORE', 'Orellana', 1),
	(996, 62, 'EC', 'PAS', 'Pastaza', 1),
	(997, 62, 'EC', 'PIC', 'Pichincha', 1),
	(998, 62, 'EC', 'SUC', 'Sucumb&iacute;os', 1),
	(999, 62, 'EC', 'TUN', 'Tungurahua', 1),
	(1000, 62, 'EC', 'ZCH', 'Zamora Chinchipe', 1),
	(1001, 63, 'EG', 'DHY', 'Ad Daqahliyah', 1),
	(1002, 63, 'EG', 'BAM', 'Al Bahr al Ahmar', 1),
	(1003, 63, 'EG', 'BHY', 'Al Buhayrah', 1),
	(1004, 63, 'EG', 'FYM', 'Al Fayyum', 1),
	(1005, 63, 'EG', 'GBY', 'Al Gharbiyah', 1),
	(1006, 63, 'EG', 'IDR', 'Al Iskandariyah', 1),
	(1007, 63, 'EG', 'IML', 'Al Isma\'iliyah', 1),
	(1008, 63, 'EG', 'JZH', 'Al Jizah', 1),
	(1009, 63, 'EG', 'MFY', 'Al Minufiyah', 1),
	(1010, 63, 'EG', 'MNY', 'Al Minya', 1),
	(1011, 63, 'EG', 'QHR', 'Al Qahirah', 1),
	(1012, 63, 'EG', 'QLY', 'Al Qalyubiyah', 1),
	(1013, 63, 'EG', 'WJD', 'Al Wadi al Jadid', 1),
	(1014, 63, 'EG', 'SHQ', 'Ash Sharqiyah', 1),
	(1015, 63, 'EG', 'SWY', 'As Suways', 1),
	(1016, 63, 'EG', 'ASW', 'Aswan', 1),
	(1017, 63, 'EG', 'ASY', 'Asyut', 1),
	(1018, 63, 'EG', 'BSW', 'Bani Suwayf', 1),
	(1019, 63, 'EG', 'BSD', 'Bur Sa\'id', 1),
	(1020, 63, 'EG', 'DMY', 'Dumyat', 1),
	(1021, 63, 'EG', 'JNS', 'Janub Sina\'', 1),
	(1022, 63, 'EG', 'KSH', 'Kafr ash Shaykh', 1),
	(1023, 63, 'EG', 'MAT', 'Matruh', 1),
	(1024, 63, 'EG', 'QIN', 'Qina', 1),
	(1025, 63, 'EG', 'SHS', 'Shamal Sina\'', 1),
	(1026, 63, 'EG', 'SUH', 'Suhaj', 1),
	(1027, 64, 'SV', 'AH', 'Ahuachapan', 1),
	(1028, 64, 'SV', 'CA', 'Cabanas', 1),
	(1029, 64, 'SV', 'CH', 'Chalatenango', 1),
	(1030, 64, 'SV', 'CU', 'Cuscatlan', 1),
	(1031, 64, 'SV', 'LB', 'La Libertad', 1),
	(1032, 64, 'SV', 'PZ', 'La Paz', 1),
	(1033, 64, 'SV', 'UN', 'La Union', 1),
	(1034, 64, 'SV', 'MO', 'Morazan', 1),
	(1035, 64, 'SV', 'SM', 'San Miguel', 1),
	(1036, 64, 'SV', 'SS', 'San Salvador', 1),
	(1037, 64, 'SV', 'SV', 'San Vicente', 1),
	(1038, 64, 'SV', 'SA', 'Santa Ana', 1),
	(1039, 64, 'SV', 'SO', 'Sonsonate', 1),
	(1040, 64, 'SV', 'US', 'Usulutan', 1),
	(1041, 65, 'GQ', 'AN', 'Provincia Annobon', 1),
	(1042, 65, 'GQ', 'BN', 'Provincia Bioko Norte', 1),
	(1043, 65, 'GQ', 'BS', 'Provincia Bioko Sur', 1),
	(1044, 65, 'GQ', 'CS', 'Provincia Centro Sur', 1),
	(1045, 65, 'GQ', 'KN', 'Provincia Kie-Ntem', 1),
	(1046, 65, 'GQ', 'LI', 'Provincia Litoral', 1),
	(1047, 65, 'GQ', 'WN', 'Provincia Wele-Nzas', 1),
	(1048, 66, 'ER', 'MA', 'Central (Maekel)', 1),
	(1049, 66, 'ER', 'KE', 'Anseba (Keren)', 1),
	(1050, 66, 'ER', 'DK', 'Southern Red Sea (Debub-Keih-Bah', 1),
	(1051, 66, 'ER', 'SK', 'Northern Red Sea (Semien-Keih-Ba', 1),
	(1052, 66, 'ER', 'DE', 'Southern (Debub)', 1),
	(1053, 66, 'ER', 'BR', 'Gash-Barka (Barentu)', 1),
	(1054, 67, 'EE', 'HA', 'Harjumaa (Tallinn)', 1),
	(1055, 67, 'EE', 'HI', 'Hiiumaa (Kardla)', 1),
	(1056, 67, 'EE', 'IV', 'Ida-Virumaa (Johvi)', 1),
	(1057, 67, 'EE', 'JA', 'Jarvamaa (Paide)', 1),
	(1058, 67, 'EE', 'JO', 'Jogevamaa (Jogeva)', 1),
	(1059, 67, 'EE', 'LV', 'Laane-Virumaa (Rakvere)', 1),
	(1060, 67, 'EE', 'LA', 'Laanemaa (Haapsalu)', 1),
	(1061, 67, 'EE', 'PA', 'Parnumaa (Parnu)', 1),
	(1062, 67, 'EE', 'PO', 'Polvamaa (Polva)', 1),
	(1063, 67, 'EE', 'RA', 'Raplamaa (Rapla)', 1),
	(1064, 67, 'EE', 'SA', 'Saaremaa (Kuessaare)', 1),
	(1065, 67, 'EE', 'TA', 'Tartumaa (Tartu)', 1),
	(1066, 67, 'EE', 'VA', 'Valgamaa (Valga)', 1),
	(1067, 67, 'EE', 'VI', 'Viljandimaa (Viljandi)', 1),
	(1068, 67, 'EE', 'VO', 'Vorumaa (Voru)', 1),
	(1069, 68, 'ET', 'AF', 'Afar', 1),
	(1070, 68, 'ET', 'AH', 'Amhara', 1),
	(1071, 68, 'ET', 'BG', 'Benishangul-Gumaz', 1),
	(1072, 68, 'ET', 'GB', 'Gambela', 1),
	(1073, 68, 'ET', 'HR', 'Hariai', 1),
	(1074, 68, 'ET', 'OR', 'Oromia', 1),
	(1075, 68, 'ET', 'SM', 'Somali', 1),
	(1076, 68, 'ET', 'SN', 'Southern Nations - Nationalities', 1),
	(1077, 68, 'ET', 'TG', 'Tigray', 1),
	(1078, 68, 'ET', 'AA', 'Addis Ababa', 1),
	(1079, 68, 'ET', 'DD', 'Dire Dawa', 1),
	(1080, 71, 'FJ', 'C', 'Central Division', 1),
	(1081, 71, 'FJ', 'N', 'Northern Division', 1),
	(1082, 71, 'FJ', 'E', 'Eastern Division', 1),
	(1083, 71, 'FJ', 'W', 'Western Division', 1),
	(1084, 71, 'FJ', 'R', 'Rotuma', 1),
	(1085, 72, 'FI', 'AL', 'Ahvenanmaan Laani', 1),
	(1086, 72, 'FI', 'ES', 'Etela-Suomen Laani', 1),
	(1087, 72, 'FI', 'IS', 'Ita-Suomen Laani', 1),
	(1088, 72, 'FI', 'LS', 'Lansi-Suomen Laani', 1),
	(1089, 72, 'FI', 'LA', 'Lapin Lanani', 1),
	(1090, 72, 'FI', 'OU', 'Oulun Laani', 1),
	(1091, 73, 'FR', 'AL', 'Alsace', 1),
	(1092, 73, 'FR', 'AQ', 'Aquitaine', 1),
	(1093, 73, 'FR', 'AU', 'Auvergne', 1),
	(1094, 73, 'FR', 'BR', 'Brittany', 1),
	(1095, 73, 'FR', 'BU', 'Burgundy', 1),
	(1096, 73, 'FR', 'CE', 'Center Loire Valley', 1),
	(1097, 73, 'FR', 'CH', 'Champagne', 1),
	(1098, 73, 'FR', 'CO', 'Corse', 1),
	(1099, 73, 'FR', 'FR', 'France Comte', 1),
	(1100, 73, 'FR', 'LA', 'Languedoc Roussillon', 1),
	(1101, 73, 'FR', 'LI', 'Limousin', 1),
	(1102, 73, 'FR', 'LO', 'Lorraine', 1),
	(1103, 73, 'FR', 'MI', 'Midi Pyrenees', 1),
	(1104, 73, 'FR', 'NO', 'Nord Pas de Calais', 1),
	(1105, 73, 'FR', 'NR', 'Normandy', 1),
	(1106, 73, 'FR', 'PA', 'Paris / Ill de France', 1),
	(1107, 73, 'FR', 'PI', 'Picardie', 1),
	(1108, 73, 'FR', 'PO', 'Poitou Charente', 1),
	(1109, 73, 'FR', 'PR', 'Provence', 1),
	(1110, 73, 'FR', 'RH', 'Rhone Alps', 1),
	(1111, 73, 'FR', 'RI', 'Riviera', 1),
	(1112, 73, 'FR', 'WE', 'Western Loire Valley', 1),
	(1113, 74, 'FX', 'Et', 'Etranger', 1),
	(1114, 74, 'FX', '01', 'Ain', 1),
	(1115, 74, 'FX', '02', 'Aisne', 1),
	(1116, 74, 'FX', '03', 'Allier', 1),
	(1117, 74, 'FX', '04', 'Alpes de Haute Provence', 1),
	(1118, 74, 'FX', '05', 'Hautes-Alpes', 1),
	(1119, 74, 'FX', '06', 'Alpes Maritimes', 1),
	(1120, 74, 'FX', '07', 'Ard&egrave;che', 1),
	(1121, 74, 'FX', '08', 'Ardennes', 1),
	(1122, 74, 'FX', '09', 'Ari&egrave;ge', 1),
	(1123, 74, 'FX', '10', 'Aube', 1),
	(1124, 74, 'FX', '11', 'Aude', 1),
	(1125, 74, 'FX', '12', 'Aveyron', 1),
	(1126, 74, 'FX', '13', 'Bouches du Rh&ocirc;ne', 1),
	(1127, 74, 'FX', '14', 'Calvados', 1),
	(1128, 74, 'FX', '15', 'Cantal', 1),
	(1129, 74, 'FX', '16', 'Charente', 1),
	(1130, 74, 'FX', '17', 'Charente Maritime', 1),
	(1131, 74, 'FX', '18', 'Cher', 1),
	(1132, 74, 'FX', '19', 'Corr&egrave;ze', 1),
	(1133, 74, 'FX', '2A', 'Corse du Sud', 1),
	(1134, 74, 'FX', '2B', 'Haute Corse', 1),
	(1135, 74, 'FX', '21', 'C&ocirc;te d\'or', 1),
	(1136, 74, 'FX', '22', 'C&ocirc;tes d\'Armor', 1),
	(1137, 74, 'FX', '23', 'Creuse', 1),
	(1138, 74, 'FX', '24', 'Dordogne', 1),
	(1139, 74, 'FX', '25', 'Doubs', 1),
	(1140, 74, 'FX', '26', 'Dr&ocirc;me', 1),
	(1141, 74, 'FX', '27', 'Eure', 1),
	(1142, 74, 'FX', '28', 'Eure et Loir', 1),
	(1143, 74, 'FX', '29', 'Finist&egrave;re', 1),
	(1144, 74, 'FX', '30', 'Gard', 1),
	(1145, 74, 'FX', '31', 'Haute Garonne', 1),
	(1146, 74, 'FX', '32', 'Gers', 1),
	(1147, 74, 'FX', '33', 'Gironde', 1),
	(1148, 74, 'FX', '34', 'H&eacute;rault', 1),
	(1149, 74, 'FX', '35', 'Ille et Vilaine', 1),
	(1150, 74, 'FX', '36', 'Indre', 1),
	(1151, 74, 'FX', '37', 'Indre et Loire', 1),
	(1152, 74, 'FX', '38', 'Is&eacute;re', 1),
	(1153, 74, 'FX', '39', 'Jura', 1),
	(1154, 74, 'FX', '40', 'Landes', 1),
	(1155, 74, 'FX', '41', 'Loir et Cher', 1),
	(1156, 74, 'FX', '42', 'Loire', 1),
	(1157, 74, 'FX', '43', 'Haute Loire', 1),
	(1158, 74, 'FX', '44', 'Loire Atlantique', 1),
	(1159, 74, 'FX', '45', 'Loiret', 1),
	(1160, 74, 'FX', '46', 'Lot', 1),
	(1161, 74, 'FX', '47', 'Lot et Garonne', 1),
	(1162, 74, 'FX', '48', 'Loz&egrave;re', 1),
	(1163, 74, 'FX', '49', 'Maine et Loire', 1),
	(1164, 74, 'FX', '50', 'Manche', 1),
	(1165, 74, 'FX', '51', 'Marne', 1),
	(1166, 74, 'FX', '52', 'Haute Marne', 1),
	(1167, 74, 'FX', '53', 'Mayenne', 1),
	(1168, 74, 'FX', '54', 'Meurthe et Moselle', 1),
	(1169, 74, 'FX', '55', 'Meuse', 1),
	(1170, 74, 'FX', '56', 'Morbihan', 1),
	(1171, 74, 'FX', '57', 'Moselle', 1),
	(1172, 74, 'FX', '58', 'Ni&egrave;vre', 1),
	(1173, 74, 'FX', '59', 'Nord', 1),
	(1174, 74, 'FX', '60', 'Oise', 1),
	(1175, 74, 'FX', '61', 'Orne', 1),
	(1176, 74, 'FX', '62', 'Pas de Calais', 1),
	(1177, 74, 'FX', '63', 'Puy de D&ocirc;me', 1),
	(1178, 74, 'FX', '64', 'Pyr&eacute;n&eacute;es Atlantiqu', 1),
	(1179, 74, 'FX', '65', 'Hautes Pyr&eacute;n&eacute;es', 1),
	(1180, 74, 'FX', '66', 'Pyr&eacute;n&eacute;es Orientale', 1),
	(1181, 74, 'FX', '67', 'Bas Rhin', 1),
	(1182, 74, 'FX', '68', 'Haut Rhin', 1),
	(1183, 74, 'FX', '69', 'Rh&ocirc;ne', 1),
	(1184, 74, 'FX', '70', 'Haute Sa&ocirc;ne', 1),
	(1185, 74, 'FX', '71', 'Sa&ocirc;ne et Loire', 1),
	(1186, 74, 'FX', '72', 'Sarthe', 1),
	(1187, 74, 'FX', '73', 'Savoie', 1),
	(1188, 74, 'FX', '74', 'Haute Savoie', 1),
	(1189, 74, 'FX', '75', 'Paris', 1),
	(1190, 74, 'FX', '76', 'Seine Maritime', 1),
	(1191, 74, 'FX', '77', 'Seine et Marne', 1),
	(1192, 74, 'FX', '78', 'Yvelines', 1),
	(1193, 74, 'FX', '79', 'Deux S&egrave;vres', 1),
	(1194, 74, 'FX', '80', 'Somme', 1),
	(1195, 74, 'FX', '81', 'Tarn', 1),
	(1196, 74, 'FX', '82', 'Tarn et Garonne', 1),
	(1197, 74, 'FX', '83', 'Var', 1),
	(1198, 74, 'FX', '84', 'Vaucluse', 1),
	(1199, 74, 'FX', '85', 'Vend&eacute;e', 1),
	(1200, 74, 'FX', '86', 'Vienne', 1),
	(1201, 74, 'FX', '87', 'Haute Vienne', 1),
	(1202, 74, 'FX', '88', 'Vosges', 1),
	(1203, 74, 'FX', '89', 'Yonne', 1),
	(1204, 74, 'FX', '90', 'Territoire de Belfort', 1),
	(1205, 74, 'FX', '91', 'Essonne', 1),
	(1206, 74, 'FX', '92', 'Hauts de Seine', 1),
	(1207, 74, 'FX', '93', 'Seine St-Denis', 1),
	(1208, 74, 'FX', '94', 'Val de Marne', 1),
	(1209, 74, 'FX', '95', 'Val d\'Oise', 1),
	(1210, 76, 'PF', 'M', 'Archipel des Marquises', 1),
	(1211, 76, 'PF', 'T', 'Archipel des Tuamotu', 1),
	(1212, 76, 'PF', 'I', 'Archipel des Tubuai', 1),
	(1213, 76, 'PF', 'V', 'Iles du Vent', 1),
	(1214, 76, 'PF', 'S', 'Iles Sous-le-Vent', 1),
	(1215, 77, 'TF', 'C', 'Iles Crozet', 1),
	(1216, 77, 'TF', 'K', 'Iles Kerguelen', 1),
	(1217, 77, 'TF', 'A', 'Ile Amsterdam', 1),
	(1218, 77, 'TF', 'P', 'Ile Saint-Paul', 1),
	(1219, 77, 'TF', 'D', 'Adelie Land', 1),
	(1220, 78, 'GA', 'ES', 'Estuaire', 1),
	(1221, 78, 'GA', 'HO', 'Haut-Ogooue', 1),
	(1222, 78, 'GA', 'MO', 'Moyen-Ogooue', 1),
	(1223, 78, 'GA', 'NG', 'Ngounie', 1),
	(1224, 78, 'GA', 'NY', 'Nyanga', 1),
	(1225, 78, 'GA', 'OI', 'Ogooue-Ivindo', 1),
	(1226, 78, 'GA', 'OL', 'Ogooue-Lolo', 1),
	(1227, 78, 'GA', 'OM', 'Ogooue-Maritime', 1),
	(1228, 78, 'GA', 'WN', 'Woleu-Ntem', 1),
	(1229, 79, 'GM', 'BJ', 'Banjul', 1),
	(1230, 79, 'GM', 'BS', 'Basse', 1),
	(1231, 79, 'GM', 'BR', 'Brikama', 1),
	(1232, 79, 'GM', 'JA', 'Janjangbure', 1),
	(1233, 79, 'GM', 'KA', 'Kanifeng', 1),
	(1234, 79, 'GM', 'KE', 'Kerewan', 1),
	(1235, 79, 'GM', 'KU', 'Kuntaur', 1),
	(1236, 79, 'GM', 'MA', 'Mansakonko', 1),
	(1237, 79, 'GM', 'LR', 'Lower River', 1),
	(1238, 79, 'GM', 'CR', 'Central River', 1),
	(1239, 79, 'GM', 'NB', 'North Bank', 1),
	(1240, 79, 'GM', 'UR', 'Upper River', 1),
	(1241, 79, 'GM', 'WE', 'Western', 1),
	(1242, 80, 'GE', 'AB', 'Abkhazia', 1),
	(1243, 80, 'GE', 'AJ', 'Ajaria', 1),
	(1244, 80, 'GE', 'TB', 'Tbilisi', 1),
	(1245, 80, 'GE', 'GU', 'Guria', 1),
	(1246, 80, 'GE', 'IM', 'Imereti', 1),
	(1247, 80, 'GE', 'KA', 'Kakheti', 1),
	(1248, 80, 'GE', 'KK', 'Kvemo Kartli', 1),
	(1249, 80, 'GE', 'MM', 'Mtskheta-Mtianeti', 1),
	(1250, 80, 'GE', 'RL', 'Racha Lechkhumi and Kvemo Svanet', 1),
	(1251, 80, 'GE', 'SZ', 'Samegrelo-Zemo Svaneti', 1),
	(1252, 80, 'GE', 'SJ', 'Samtskhe-Javakheti', 1),
	(1253, 80, 'GE', 'SK', 'Shida Kartli', 1),
	(1254, 81, 'DE', 'BAW', 'Baden-W&uuml;rttemberg', 1),
	(1255, 81, 'DE', 'BAY', 'Bayern', 1),
	(1256, 81, 'DE', 'BER', 'Berlin', 1),
	(1257, 81, 'DE', 'BRG', 'Brandenburg', 1),
	(1258, 81, 'DE', 'BRE', 'Bremen', 1),
	(1259, 81, 'DE', 'HAM', 'Hamburg', 1),
	(1260, 81, 'DE', 'HES', 'Hessen', 1),
	(1261, 81, 'DE', 'MEC', 'Mecklenburg-Vorpommern', 1),
	(1262, 81, 'DE', 'NDS', 'Niedersachsen', 1),
	(1263, 81, 'DE', 'NRW', 'Nordrhein-Westfalen', 1),
	(1264, 81, 'DE', 'RHE', 'Rheinland-Pfalz', 1),
	(1265, 81, 'DE', 'SAR', 'Saarland', 1),
	(1266, 81, 'DE', 'SAS', 'Sachsen', 1),
	(1267, 81, 'DE', 'SAC', 'Sachsen-Anhalt', 1),
	(1268, 81, 'DE', 'SCN', 'Schleswig-Holstein', 1),
	(1269, 81, 'DE', 'THE', 'Th&uuml;ringen', 1),
	(1270, 82, 'GH', 'AS', 'Ashanti Region', 1),
	(1271, 82, 'GH', 'BA', 'Brong-Ahafo Region', 1),
	(1272, 82, 'GH', 'CE', 'Central Region', 1),
	(1273, 82, 'GH', 'EA', 'Eastern Region', 1),
	(1274, 82, 'GH', 'GA', 'Greater Accra Region', 1),
	(1275, 82, 'GH', 'NO', 'Northern Region', 1),
	(1276, 82, 'GH', 'UE', 'Upper East Region', 1),
	(1277, 82, 'GH', 'UW', 'Upper West Region', 1),
	(1278, 82, 'GH', 'VO', 'Volta Region', 1),
	(1279, 82, 'GH', 'WE', 'Western Region', 1),
	(1280, 84, 'GR', 'AT', 'Attica', 1),
	(1281, 84, 'GR', 'CN', 'Central Greece', 1),
	(1282, 84, 'GR', 'CM', 'Central Macedonia', 1),
	(1283, 84, 'GR', 'CR', 'Crete', 1),
	(1284, 84, 'GR', 'EM', 'East Macedonia and Thrace', 1),
	(1285, 84, 'GR', 'EP', 'Epirus', 1),
	(1286, 84, 'GR', 'II', 'Ionian Islands', 1),
	(1287, 84, 'GR', 'NA', 'North Aegean', 1),
	(1288, 84, 'GR', 'PP', 'Peloponnesos', 1),
	(1289, 84, 'GR', 'SA', 'South Aegean', 1),
	(1290, 84, 'GR', 'TH', 'Thessaly', 1),
	(1291, 84, 'GR', 'WG', 'West Greece', 1),
	(1292, 84, 'GR', 'WM', 'West Macedonia', 1),
	(1293, 85, 'GL', 'A', 'Avannaa', 1),
	(1294, 85, 'GL', 'T', 'Tunu', 1),
	(1295, 85, 'GL', 'K', 'Kitaa', 1),
	(1296, 86, 'GD', 'A', 'Saint Andrew', 1),
	(1297, 86, 'GD', 'D', 'Saint David', 1),
	(1298, 86, 'GD', 'G', 'Saint George', 1),
	(1299, 86, 'GD', 'J', 'Saint John', 1),
	(1300, 86, 'GD', 'M', 'Saint Mark', 1),
	(1301, 86, 'GD', 'P', 'Saint Patrick', 1),
	(1302, 86, 'GD', 'C', 'Carriacou', 1),
	(1303, 86, 'GD', 'Q', 'Petit Martinique', 1),
	(1304, 89, 'GT', 'AV', 'Alta Verapaz', 1),
	(1305, 89, 'GT', 'BV', 'Baja Verapaz', 1),
	(1306, 89, 'GT', 'CM', 'Chimaltenango', 1),
	(1307, 89, 'GT', 'CQ', 'Chiquimula', 1),
	(1308, 89, 'GT', 'PE', 'El Peten', 1),
	(1309, 89, 'GT', 'PR', 'El Progreso', 1),
	(1310, 89, 'GT', 'QC', 'El Quiche', 1),
	(1311, 89, 'GT', 'ES', 'Escuintla', 1),
	(1312, 89, 'GT', 'GU', 'Guatemala', 1),
	(1313, 89, 'GT', 'HU', 'Huehuetenango', 1),
	(1314, 89, 'GT', 'IZ', 'Izabal', 1),
	(1315, 89, 'GT', 'JA', 'Jalapa', 1),
	(1316, 89, 'GT', 'JU', 'Jutiapa', 1),
	(1317, 89, 'GT', 'QZ', 'Quetzaltenango', 1),
	(1318, 89, 'GT', 'RE', 'Retalhuleu', 1),
	(1319, 89, 'GT', 'ST', 'Sacatepequez', 1),
	(1320, 89, 'GT', 'SM', 'San Marcos', 1),
	(1321, 89, 'GT', 'SR', 'Santa Rosa', 1),
	(1322, 89, 'GT', 'SO', 'Solola', 1),
	(1323, 89, 'GT', 'SU', 'Suchitepequez', 1),
	(1324, 89, 'GT', 'TO', 'Totonicapan', 1),
	(1325, 89, 'GT', 'ZA', 'Zacapa', 1),
	(1326, 90, 'GN', 'CNK', 'Conakry', 1),
	(1327, 90, 'GN', 'BYL', 'Beyla', 1),
	(1328, 90, 'GN', 'BFA', 'Boffa', 1),
	(1329, 90, 'GN', 'BOK', 'Boke', 1),
	(1330, 90, 'GN', 'COY', 'Coyah', 1),
	(1331, 90, 'GN', 'DBL', 'Dabola', 1),
	(1332, 90, 'GN', 'DLB', 'Dalaba', 1),
	(1333, 90, 'GN', 'DGR', 'Dinguiraye', 1),
	(1334, 90, 'GN', 'DBR', 'Dubreka', 1),
	(1335, 90, 'GN', 'FRN', 'Faranah', 1),
	(1336, 90, 'GN', 'FRC', 'Forecariah', 1),
	(1337, 90, 'GN', 'FRI', 'Fria', 1),
	(1338, 90, 'GN', 'GAO', 'Gaoual', 1),
	(1339, 90, 'GN', 'GCD', 'Gueckedou', 1),
	(1340, 90, 'GN', 'KNK', 'Kankan', 1),
	(1341, 90, 'GN', 'KRN', 'Kerouane', 1),
	(1342, 90, 'GN', 'KND', 'Kindia', 1),
	(1343, 90, 'GN', 'KSD', 'Kissidougou', 1),
	(1344, 90, 'GN', 'KBA', 'Koubia', 1),
	(1345, 90, 'GN', 'KDA', 'Koundara', 1),
	(1346, 90, 'GN', 'KRA', 'Kouroussa', 1),
	(1347, 90, 'GN', 'LAB', 'Labe', 1),
	(1348, 90, 'GN', 'LLM', 'Lelouma', 1),
	(1349, 90, 'GN', 'LOL', 'Lola', 1),
	(1350, 90, 'GN', 'MCT', 'Macenta', 1),
	(1351, 90, 'GN', 'MAL', 'Mali', 1),
	(1352, 90, 'GN', 'MAM', 'Mamou', 1),
	(1353, 90, 'GN', 'MAN', 'Mandiana', 1),
	(1354, 90, 'GN', 'NZR', 'Nzerekore', 1),
	(1355, 90, 'GN', 'PIT', 'Pita', 1),
	(1356, 90, 'GN', 'SIG', 'Siguiri', 1),
	(1357, 90, 'GN', 'TLM', 'Telimele', 1),
	(1358, 90, 'GN', 'TOG', 'Tougue', 1),
	(1359, 90, 'GN', 'YOM', 'Yomou', 1),
	(1360, 91, 'GW', 'BF', 'Bafata Region', 1),
	(1361, 91, 'GW', 'BB', 'Biombo Region', 1),
	(1362, 91, 'GW', 'BS', 'Bissau Region', 1),
	(1363, 91, 'GW', 'BL', 'Bolama Region', 1),
	(1364, 91, 'GW', 'CA', 'Cacheu Region', 1),
	(1365, 91, 'GW', 'GA', 'Gabu Region', 1),
	(1366, 91, 'GW', 'OI', 'Oio Region', 1),
	(1367, 91, 'GW', 'QU', 'Quinara Region', 1),
	(1368, 91, 'GW', 'TO', 'Tombali Region', 1),
	(1369, 92, 'GY', 'BW', 'Barima-Waini', 1),
	(1370, 92, 'GY', 'CM', 'Cuyuni-Mazaruni', 1),
	(1371, 92, 'GY', 'DM', 'Demerara-Mahaica', 1),
	(1372, 92, 'GY', 'EC', 'East Berbice-Corentyne', 1),
	(1373, 92, 'GY', 'EW', 'Essequibo Islands-West Demerara', 1),
	(1374, 92, 'GY', 'MB', 'Mahaica-Berbice', 1),
	(1375, 92, 'GY', 'PM', 'Pomeroon-Supenaam', 1),
	(1376, 92, 'GY', 'PI', 'Potaro-Siparuni', 1),
	(1377, 92, 'GY', 'UD', 'Upper Demerara-Berbice', 1),
	(1378, 92, 'GY', 'UT', 'Upper Takutu-Upper Essequibo', 1),
	(1379, 93, 'HT', 'AR', 'Artibonite', 1),
	(1380, 93, 'HT', 'CE', 'Centre', 1),
	(1381, 93, 'HT', 'GA', 'Grand\'Anse', 1),
	(1382, 93, 'HT', 'ND', 'Nord', 1),
	(1383, 93, 'HT', 'NE', 'Nord-Est', 1),
	(1384, 93, 'HT', 'NO', 'Nord-Ouest', 1),
	(1385, 93, 'HT', 'OU', 'Ouest', 1),
	(1386, 93, 'HT', 'SD', 'Sud', 1),
	(1387, 93, 'HT', 'SE', 'Sud-Est', 1),
	(1388, 94, 'HM', 'F', 'Flat Island', 1),
	(1389, 94, 'HM', 'M', 'McDonald Island', 1),
	(1390, 94, 'HM', 'S', 'Shag Island', 1),
	(1391, 94, 'HM', 'H', 'Heard Island', 1),
	(1392, 95, 'HN', 'AT', 'Atlantida', 1),
	(1393, 95, 'HN', 'CH', 'Choluteca', 1),
	(1394, 95, 'HN', 'CL', 'Colon', 1),
	(1395, 95, 'HN', 'CM', 'Comayagua', 1),
	(1396, 95, 'HN', 'CP', 'Copan', 1),
	(1397, 95, 'HN', 'CR', 'Cortes', 1),
	(1398, 95, 'HN', 'PA', 'El Paraiso', 1),
	(1399, 95, 'HN', 'FM', 'Francisco Morazan', 1),
	(1400, 95, 'HN', 'GD', 'Gracias a Dios', 1),
	(1401, 95, 'HN', 'IN', 'Intibuca', 1),
	(1402, 95, 'HN', 'IB', 'Islas de la Bahia (Bay Islands)', 1),
	(1403, 95, 'HN', 'PZ', 'La Paz', 1),
	(1404, 95, 'HN', 'LE', 'Lempira', 1),
	(1405, 95, 'HN', 'OC', 'Ocotepeque', 1),
	(1406, 95, 'HN', 'OL', 'Olancho', 1),
	(1407, 95, 'HN', 'SB', 'Santa Barbara', 1),
	(1408, 95, 'HN', 'VA', 'Valle', 1),
	(1409, 95, 'HN', 'YO', 'Yoro', 1),
	(1410, 96, 'HK', 'HCW', 'Central and Western Hong Kong Is', 1),
	(1411, 96, 'HK', 'HEA', 'Eastern Hong Kong Island', 1),
	(1412, 96, 'HK', 'HSO', 'Southern Hong Kong Island', 1),
	(1413, 96, 'HK', 'HWC', 'Wan Chai Hong Kong Island', 1),
	(1414, 96, 'HK', 'KKC', 'Kowloon City Kowloon', 1),
	(1415, 96, 'HK', 'KKT', 'Kwun Tong Kowloon', 1),
	(1416, 96, 'HK', 'KSS', 'Sham Shui Po Kowloon', 1),
	(1417, 96, 'HK', 'KWT', 'Wong Tai Sin Kowloon', 1),
	(1418, 96, 'HK', 'KYT', 'Yau Tsim Mong Kowloon', 1),
	(1419, 96, 'HK', 'NIS', 'Islands New Territories', 1),
	(1420, 96, 'HK', 'NKT', 'Kwai Tsing New Territories', 1),
	(1421, 96, 'HK', 'NNO', 'North New Territories', 1),
	(1422, 96, 'HK', 'NSK', 'Sai Kung New Territories', 1),
	(1423, 96, 'HK', 'NST', 'Sha Tin New Territories', 1),
	(1424, 96, 'HK', 'NTP', 'Tai Po New Territories', 1),
	(1425, 96, 'HK', 'NTW', 'Tsuen Wan New Territories', 1),
	(1426, 96, 'HK', 'NTM', 'Tuen Mun New Territories', 1),
	(1427, 96, 'HK', 'NYL', 'Yuen Long New Territories', 1),
	(1428, 97, 'HU', 'BK', 'Bacs-Kiskun', 1),
	(1429, 97, 'HU', 'BA', 'Baranya', 1),
	(1430, 97, 'HU', 'BE', 'Bekes', 1),
	(1431, 97, 'HU', 'BS', 'Bekescsaba', 1),
	(1432, 97, 'HU', 'BZ', 'Borsod-Abauj-Zemplen', 1),
	(1433, 97, 'HU', 'BU', 'Budapest', 1),
	(1434, 97, 'HU', 'CS', 'Csongrad', 1),
	(1435, 97, 'HU', 'DE', 'Debrecen', 1),
	(1436, 97, 'HU', 'DU', 'Dunaujvaros', 1),
	(1437, 97, 'HU', 'EG', 'Eger', 1),
	(1438, 97, 'HU', 'FE', 'Fejer', 1),
	(1439, 97, 'HU', 'GY', 'Gyor', 1),
	(1440, 97, 'HU', 'GM', 'Gyor-Moson-Sopron', 1),
	(1441, 97, 'HU', 'HB', 'Hajdu-Bihar', 1),
	(1442, 97, 'HU', 'HE', 'Heves', 1),
	(1443, 97, 'HU', 'HO', 'Hodmezovasarhely', 1),
	(1444, 97, 'HU', 'JN', 'Jasz-Nagykun-Szolnok', 1),
	(1445, 97, 'HU', 'KA', 'Kaposvar', 1),
	(1446, 97, 'HU', 'KE', 'Kecskemet', 1),
	(1447, 97, 'HU', 'KO', 'Komarom-Esztergom', 1),
	(1448, 97, 'HU', 'MI', 'Miskolc', 1),
	(1449, 97, 'HU', 'NA', 'Nagykanizsa', 1),
	(1450, 97, 'HU', 'NO', 'Nograd', 1),
	(1451, 97, 'HU', 'NY', 'Nyiregyhaza', 1),
	(1452, 97, 'HU', 'PE', 'Pecs', 1),
	(1453, 97, 'HU', 'PS', 'Pest', 1),
	(1454, 97, 'HU', 'SO', 'Somogy', 1),
	(1455, 97, 'HU', 'SP', 'Sopron', 1),
	(1456, 97, 'HU', 'SS', 'Szabolcs-Szatmar-Bereg', 1),
	(1457, 97, 'HU', 'SZ', 'Szeged', 1),
	(1458, 97, 'HU', 'SE', 'Szekesfehervar', 1),
	(1459, 97, 'HU', 'SL', 'Szolnok', 1),
	(1460, 97, 'HU', 'SM', 'Szombathely', 1),
	(1461, 97, 'HU', 'TA', 'Tatabanya', 1),
	(1462, 97, 'HU', 'TO', 'Tolna', 1),
	(1463, 97, 'HU', 'VA', 'Vas', 1),
	(1464, 97, 'HU', 'VE', 'Veszprem', 1),
	(1465, 97, 'HU', 'ZA', 'Zala', 1),
	(1466, 97, 'HU', 'ZZ', 'Zalaegerszeg', 1),
	(1467, 98, 'IS', 'AL', 'Austurland', 1),
	(1468, 98, 'IS', 'HF', 'Hofuoborgarsvaeoi', 1),
	(1469, 98, 'IS', 'NE', 'Norourland eystra', 1),
	(1470, 98, 'IS', 'NV', 'Norourland vestra', 1),
	(1471, 98, 'IS', 'SL', 'Suourland', 1),
	(1472, 98, 'IS', 'SN', 'Suournes', 1),
	(1473, 98, 'IS', 'VF', 'Vestfiroir', 1),
	(1474, 98, 'IS', 'VL', 'Vesturland', 1),
	(1475, 99, 'IN', 'AN', 'Andaman and Nicobar Islands', 1),
	(1476, 99, 'IN', 'AP', 'Andhra Pradesh', 1),
	(1477, 99, 'IN', 'AR', 'Arunachal Pradesh', 1),
	(1478, 99, 'IN', 'AS', 'Assam', 1),
	(1479, 99, 'IN', 'BI', 'Bihar', 1),
	(1480, 99, 'IN', 'CH', 'Chandigarh', 1),
	(1481, 99, 'IN', 'DA', 'Dadra and Nagar Haveli', 1),
	(1482, 99, 'IN', 'DM', 'Daman and Diu', 1),
	(1483, 99, 'IN', 'DE', 'Delhi', 1),
	(1484, 99, 'IN', 'GO', 'Goa', 1),
	(1485, 99, 'IN', 'GU', 'Gujarat', 1),
	(1486, 99, 'IN', 'HA', 'Haryana', 1),
	(1487, 99, 'IN', 'HP', 'Himachal Pradesh', 1),
	(1488, 99, 'IN', 'JA', 'Jammu and Kashmir', 1),
	(1489, 99, 'IN', 'KA', 'Karnataka', 1),
	(1490, 99, 'IN', 'KE', 'Kerala', 1),
	(1491, 99, 'IN', 'LI', 'Lakshadweep Islands', 1),
	(1492, 99, 'IN', 'MP', 'Madhya Pradesh', 1),
	(1493, 99, 'IN', 'MA', 'Maharashtra', 1),
	(1494, 99, 'IN', 'MN', 'Manipur', 1),
	(1495, 99, 'IN', 'ME', 'Meghalaya', 1),
	(1496, 99, 'IN', 'MI', 'Mizoram', 1),
	(1497, 99, 'IN', 'NA', 'Nagaland', 1),
	(1498, 99, 'IN', 'OR', 'Orissa', 1),
	(1499, 99, 'IN', 'PO', 'Pondicherry', 1),
	(1500, 99, 'IN', 'PU', 'Punjab', 1),
	(1501, 99, 'IN', 'RA', 'Rajasthan', 1),
	(1502, 99, 'IN', 'SI', 'Sikkim', 1),
	(1503, 99, 'IN', 'TN', 'Tamil Nadu', 1),
	(1504, 99, 'IN', 'TR', 'Tripura', 1),
	(1505, 99, 'IN', 'UP', 'Uttar Pradesh', 1),
	(1506, 99, 'IN', 'WB', 'West Bengal', 1),
	(1507, 100, 'ID', 'AC', 'Aceh', 1),
	(1508, 100, 'ID', 'BA', 'Bali', 1),
	(1509, 100, 'ID', 'BT', 'Banten', 1),
	(1510, 100, 'ID', 'BE', 'Bengkulu', 1),
	(1511, 100, 'ID', 'BD', 'BoDeTaBek', 1),
	(1512, 100, 'ID', 'GO', 'Gorontalo', 1),
	(1513, 100, 'ID', 'JK', 'Jakarta Raya', 1),
	(1514, 100, 'ID', 'JA', 'Jambi', 1),
	(1515, 100, 'ID', 'JB', 'Jawa Barat', 1),
	(1516, 100, 'ID', 'JT', 'Jawa Tengah', 1),
	(1517, 100, 'ID', 'JI', 'Jawa Timur', 1),
	(1518, 100, 'ID', 'KB', 'Kalimantan Barat', 1),
	(1519, 100, 'ID', 'KS', 'Kalimantan Selatan', 1),
	(1520, 100, 'ID', 'KT', 'Kalimantan Tengah', 1),
	(1521, 100, 'ID', 'KI', 'Kalimantan Timur', 1),
	(1522, 100, 'ID', 'BB', 'Kepulauan Bangka Belitung', 1),
	(1523, 100, 'ID', 'LA', 'Lampung', 1),
	(1524, 100, 'ID', 'MA', 'Maluku', 1),
	(1525, 100, 'ID', 'MU', 'Maluku Utara', 1),
	(1526, 100, 'ID', 'NB', 'Nusa Tenggara Barat', 1),
	(1527, 100, 'ID', 'NT', 'Nusa Tenggara Timur', 1),
	(1528, 100, 'ID', 'PA', 'Papua', 1),
	(1529, 100, 'ID', 'RI', 'Riau', 1),
	(1530, 100, 'ID', 'SN', 'Sulawesi Selatan', 1),
	(1531, 100, 'ID', 'ST', 'Sulawesi Tengah', 1),
	(1532, 100, 'ID', 'SG', 'Sulawesi Tenggara', 1),
	(1533, 100, 'ID', 'SA', 'Sulawesi Utara', 1),
	(1534, 100, 'ID', 'SB', 'Sumatera Barat', 1),
	(1535, 100, 'ID', 'SS', 'Sumatera Selatan', 1),
	(1536, 100, 'ID', 'SU', 'Sumatera Utara', 1),
	(1537, 100, 'ID', 'YO', 'Yogyakarta', 1),
	(1538, 101, 'IR', 'TEH', 'Tehran', 1),
	(1539, 101, 'IR', 'QOM', 'Qom', 1),
	(1540, 101, 'IR', 'MKZ', 'Markazi', 1),
	(1541, 101, 'IR', 'QAZ', 'Qazvin', 1),
	(1542, 101, 'IR', 'GIL', 'Gilan', 1),
	(1543, 101, 'IR', 'ARD', 'Ardabil', 1),
	(1544, 101, 'IR', 'ZAN', 'Zanjan', 1),
	(1545, 101, 'IR', 'EAZ', 'East Azarbaijan', 1),
	(1546, 101, 'IR', 'WEZ', 'West Azarbaijan', 1),
	(1547, 101, 'IR', 'KRD', 'Kurdistan', 1),
	(1548, 101, 'IR', 'HMD', 'Hamadan', 1),
	(1549, 101, 'IR', 'KRM', 'Kermanshah', 1),
	(1550, 101, 'IR', 'ILM', 'Ilam', 1),
	(1551, 101, 'IR', 'LRS', 'Lorestan', 1),
	(1552, 101, 'IR', 'KZT', 'Khuzestan', 1),
	(1553, 101, 'IR', 'CMB', 'Chahar Mahaal and Bakhtiari', 1),
	(1554, 101, 'IR', 'KBA', 'Kohkiluyeh and Buyer Ahmad', 1),
	(1555, 101, 'IR', 'BSH', 'Bushehr', 1),
	(1556, 101, 'IR', 'FAR', 'Fars', 1),
	(1557, 101, 'IR', 'HRM', 'Hormozgan', 1),
	(1558, 101, 'IR', 'SBL', 'Sistan and Baluchistan', 1),
	(1559, 101, 'IR', 'KRB', 'Kerman', 1),
	(1560, 101, 'IR', 'YZD', 'Yazd', 1),
	(1561, 101, 'IR', 'EFH', 'Esfahan', 1),
	(1562, 101, 'IR', 'SMN', 'Semnan', 1),
	(1563, 101, 'IR', 'MZD', 'Mazandaran', 1),
	(1564, 101, 'IR', 'GLS', 'Golestan', 1),
	(1565, 101, 'IR', 'NKH', 'North Khorasan', 1),
	(1566, 101, 'IR', 'RKH', 'Razavi Khorasan', 1),
	(1567, 101, 'IR', 'SKH', 'South Khorasan', 1),
	(1568, 102, 'IQ', 'BD', 'Baghdad', 1),
	(1569, 102, 'IQ', 'SD', 'Salah ad Din', 1),
	(1570, 102, 'IQ', 'DY', 'Diyala', 1),
	(1571, 102, 'IQ', 'WS', 'Wasit', 1),
	(1572, 102, 'IQ', 'MY', 'Maysan', 1),
	(1573, 102, 'IQ', 'BA', 'Al Basrah', 1),
	(1574, 102, 'IQ', 'DQ', 'Dhi Qar', 1),
	(1575, 102, 'IQ', 'MU', 'Al Muthanna', 1),
	(1576, 102, 'IQ', 'QA', 'Al Qadisyah', 1),
	(1577, 102, 'IQ', 'BB', 'Babil', 1),
	(1578, 102, 'IQ', 'KB', 'Al Karbala', 1),
	(1579, 102, 'IQ', 'NJ', 'An Najaf', 1),
	(1580, 102, 'IQ', 'AB', 'Al Anbar', 1),
	(1581, 102, 'IQ', 'NN', 'Ninawa', 1),
	(1582, 102, 'IQ', 'DH', 'Dahuk', 1),
	(1583, 102, 'IQ', 'AL', 'Arbil', 1),
	(1584, 102, 'IQ', 'TM', 'At Ta\'mim', 1),
	(1585, 102, 'IQ', 'SL', 'As Sulaymaniyah', 1),
	(1586, 103, 'IE', 'CA', 'Carlow', 1),
	(1587, 103, 'IE', 'CV', 'Cavan', 1),
	(1588, 103, 'IE', 'CL', 'Clare', 1),
	(1589, 103, 'IE', 'CO', 'Cork', 1),
	(1590, 103, 'IE', 'DO', 'Donegal', 1),
	(1591, 103, 'IE', 'DU', 'Dublin', 1),
	(1592, 103, 'IE', 'GA', 'Galway', 1),
	(1593, 103, 'IE', 'KE', 'Kerry', 1),
	(1594, 103, 'IE', 'KI', 'Kildare', 1),
	(1595, 103, 'IE', 'KL', 'Kilkenny', 1),
	(1596, 103, 'IE', 'LA', 'Laois', 1),
	(1597, 103, 'IE', 'LE', 'Leitrim', 1),
	(1598, 103, 'IE', 'LI', 'Limerick', 1),
	(1599, 103, 'IE', 'LO', 'Longford', 1),
	(1600, 103, 'IE', 'LU', 'Louth', 1),
	(1601, 103, 'IE', 'MA', 'Mayo', 1),
	(1602, 103, 'IE', 'ME', 'Meath', 1),
	(1603, 103, 'IE', 'MO', 'Monaghan', 1),
	(1604, 103, 'IE', 'OF', 'Offaly', 1),
	(1605, 103, 'IE', 'RO', 'Roscommon', 1),
	(1606, 103, 'IE', 'SL', 'Sligo', 1),
	(1607, 103, 'IE', 'TI', 'Tipperary', 1),
	(1608, 103, 'IE', 'WA', 'Waterford', 1),
	(1609, 103, 'IE', 'WE', 'Westmeath', 1),
	(1610, 103, 'IE', 'WX', 'Wexford', 1),
	(1611, 103, 'IE', 'WI', 'Wicklow', 1),
	(1612, 104, 'IL', 'BS', 'Be\'er Sheva', 1),
	(1613, 104, 'IL', 'BH', 'Bika\'at Hayarden', 1),
	(1614, 104, 'IL', 'EA', 'Eilat and Arava', 1),
	(1615, 104, 'IL', 'GA', 'Galil', 1),
	(1616, 104, 'IL', 'HA', 'Haifa', 1),
	(1617, 104, 'IL', 'JM', 'Jehuda Mountains', 1),
	(1618, 104, 'IL', 'JE', 'Jerusalem', 1),
	(1619, 104, 'IL', 'NE', 'Negev', 1),
	(1620, 104, 'IL', 'SE', 'Semaria', 1),
	(1621, 104, 'IL', 'SH', 'Sharon', 1),
	(1622, 104, 'IL', 'TA', 'Tel Aviv (Gosh Dan)', 1),
	(1623, 105, 'IT', 'AB', 'Abruzzo', 1),
	(1624, 105, 'IT', 'BA', 'Basilicata', 1),
	(1625, 105, 'IT', 'CA', 'Calabria', 1),
	(1626, 105, 'IT', 'CP', 'Campania', 1),
	(1627, 105, 'IT', 'ER', 'Emilia Romagna', 1),
	(1628, 105, 'IT', 'FV', 'Friuli-Venezia Giulia', 1),
	(1629, 105, 'IT', 'LA', 'Lazio (Latium & Rome)', 1),
	(1630, 105, 'IT', 'TM', 'Le Marche (The Marches)', 1),
	(1631, 105, 'IT', 'LI', 'Liguria', 1),
	(1632, 105, 'IT', 'LO', 'Lombardia (Lombardy)', 1),
	(1633, 105, 'IT', 'MO', 'Molise', 1),
	(1634, 105, 'IT', 'PI', 'Piemonte (Piedmont)', 1),
	(1635, 105, 'IT', 'AP', 'Puglia (Apulia)', 1),
	(1636, 105, 'IT', 'SA', 'Sardegna (Sardinia)', 1),
	(1637, 105, 'IT', 'SI', 'Sicilia (Sicily)', 1),
	(1638, 105, 'IT', 'TU', 'Toscana (Tuscany)', 1),
	(1639, 105, 'IT', 'TR', 'Trentino Alto Adige', 1),
	(1640, 105, 'IT', 'UM', 'Umbria', 1),
	(1641, 105, 'IT', 'VA', 'Val d\'Aosta', 1),
	(1642, 105, 'IT', 'VE', 'Veneto', 1),
	(1643, 106, 'JM', 'CLA', 'Clarendon Parish', 1),
	(1644, 106, 'JM', 'HAN', 'Hanover Parish', 1),
	(1645, 106, 'JM', 'KIN', 'Kingston Parish', 1),
	(1646, 106, 'JM', 'MAN', 'Manchester Parish', 1),
	(1647, 106, 'JM', 'POR', 'Portland Parish', 1),
	(1648, 106, 'JM', 'AND', 'Saint Andrew Parish', 1),
	(1649, 106, 'JM', 'ANN', 'Saint Ann Parish', 1),
	(1650, 106, 'JM', 'CAT', 'Saint Catherine Parish', 1),
	(1651, 106, 'JM', 'ELI', 'Saint Elizabeth Parish', 1),
	(1652, 106, 'JM', 'JAM', 'Saint James Parish', 1),
	(1653, 106, 'JM', 'MAR', 'Saint Mary Parish', 1),
	(1654, 106, 'JM', 'THO', 'Saint Thomas Parish', 1),
	(1655, 106, 'JM', 'TRL', 'Trelawny Parish', 1),
	(1656, 106, 'JM', 'WML', 'Westmoreland Parish', 1),
	(1657, 107, 'JP', 'AI', 'Aichi', 1),
	(1658, 107, 'JP', 'AK', 'Akita', 1),
	(1659, 107, 'JP', 'AO', 'Aomori', 1),
	(1660, 107, 'JP', 'CH', 'Chiba', 1),
	(1661, 107, 'JP', 'EH', 'Ehime', 1),
	(1662, 107, 'JP', 'FK', 'Fukui', 1),
	(1663, 107, 'JP', 'FU', 'Fukuoka', 1),
	(1664, 107, 'JP', 'FS', 'Fukushima', 1),
	(1665, 107, 'JP', 'GI', 'Gifu', 1),
	(1666, 107, 'JP', 'GU', 'Gumma', 1),
	(1667, 107, 'JP', 'HI', 'Hiroshima', 1),
	(1668, 107, 'JP', 'HO', 'Hokkaido', 1),
	(1669, 107, 'JP', 'HY', 'Hyogo', 1),
	(1670, 107, 'JP', 'IB', 'Ibaraki', 1),
	(1671, 107, 'JP', 'IS', 'Ishikawa', 1),
	(1672, 107, 'JP', 'IW', 'Iwate', 1),
	(1673, 107, 'JP', 'KA', 'Kagawa', 1),
	(1674, 107, 'JP', 'KG', 'Kagoshima', 1),
	(1675, 107, 'JP', 'KN', 'Kanagawa', 1),
	(1676, 107, 'JP', 'KO', 'Kochi', 1),
	(1677, 107, 'JP', 'KU', 'Kumamoto', 1),
	(1678, 107, 'JP', 'KY', 'Kyoto', 1),
	(1679, 107, 'JP', 'MI', 'Mie', 1),
	(1680, 107, 'JP', 'MY', 'Miyagi', 1),
	(1681, 107, 'JP', 'MZ', 'Miyazaki', 1),
	(1682, 107, 'JP', 'NA', 'Nagano', 1),
	(1683, 107, 'JP', 'NG', 'Nagasaki', 1),
	(1684, 107, 'JP', 'NR', 'Nara', 1),
	(1685, 107, 'JP', 'NI', 'Niigata', 1),
	(1686, 107, 'JP', 'OI', 'Oita', 1),
	(1687, 107, 'JP', 'OK', 'Okayama', 1),
	(1688, 107, 'JP', 'ON', 'Okinawa', 1),
	(1689, 107, 'JP', 'OS', 'Osaka', 1),
	(1690, 107, 'JP', 'SA', 'Saga', 1),
	(1691, 107, 'JP', 'SI', 'Saitama', 1),
	(1692, 107, 'JP', 'SH', 'Shiga', 1),
	(1693, 107, 'JP', 'SM', 'Shimane', 1),
	(1694, 107, 'JP', 'SZ', 'Shizuoka', 1),
	(1695, 107, 'JP', 'TO', 'Tochigi', 1),
	(1696, 107, 'JP', 'TS', 'Tokushima', 1),
	(1697, 107, 'JP', 'TK', 'Tokyo', 1),
	(1698, 107, 'JP', 'TT', 'Tottori', 1),
	(1699, 107, 'JP', 'TY', 'Toyama', 1),
	(1700, 107, 'JP', 'WA', 'Wakayama', 1),
	(1701, 107, 'JP', 'YA', 'Yamagata', 1),
	(1702, 107, 'JP', 'YM', 'Yamaguchi', 1),
	(1703, 107, 'JP', 'YN', 'Yamanashi', 1),
	(1704, 108, 'JO', 'AM', '\'Amman', 1),
	(1705, 108, 'JO', 'AJ', 'Ajlun', 1),
	(1706, 108, 'JO', 'AA', 'Al \'Aqabah', 1),
	(1707, 108, 'JO', 'AB', 'Al Balqa\'', 1),
	(1708, 108, 'JO', 'AK', 'Al Karak', 1),
	(1709, 108, 'JO', 'AL', 'Al Mafraq', 1),
	(1710, 108, 'JO', 'AT', 'At Tafilah', 1),
	(1711, 108, 'JO', 'AZ', 'Az Zarqa\'', 1),
	(1712, 108, 'JO', 'IR', 'Irbid', 1),
	(1713, 108, 'JO', 'JA', 'Jarash', 1),
	(1714, 108, 'JO', 'MA', 'Ma\'an', 1),
	(1715, 108, 'JO', 'MD', 'Madaba', 1),
	(1716, 109, 'KZ', 'AL', 'Almaty', 1),
	(1717, 109, 'KZ', 'AC', 'Almaty City', 1),
	(1718, 109, 'KZ', 'AM', 'Aqmola', 1),
	(1719, 109, 'KZ', 'AQ', 'Aqtobe', 1),
	(1720, 109, 'KZ', 'AS', 'Astana City', 1),
	(1721, 109, 'KZ', 'AT', 'Atyrau', 1),
	(1722, 109, 'KZ', 'BA', 'Batys Qazaqstan', 1),
	(1723, 109, 'KZ', 'BY', 'Bayqongyr City', 1),
	(1724, 109, 'KZ', 'MA', 'Mangghystau', 1),
	(1725, 109, 'KZ', 'ON', 'Ongtustik Qazaqstan', 1),
	(1726, 109, 'KZ', 'PA', 'Pavlodar', 1),
	(1727, 109, 'KZ', 'QA', 'Qaraghandy', 1),
	(1728, 109, 'KZ', 'QO', 'Qostanay', 1),
	(1729, 109, 'KZ', 'QY', 'Qyzylorda', 1),
	(1730, 109, 'KZ', 'SH', 'Shyghys Qazaqstan', 1),
	(1731, 109, 'KZ', 'SO', 'Soltustik Qazaqstan', 1),
	(1732, 109, 'KZ', 'ZH', 'Zhambyl', 1),
	(1733, 110, 'KE', 'CE', 'Central', 1),
	(1734, 110, 'KE', 'CO', 'Coast', 1),
	(1735, 110, 'KE', 'EA', 'Eastern', 1),
	(1736, 110, 'KE', 'NA', 'Nairobi Area', 1),
	(1737, 110, 'KE', 'NE', 'North Eastern', 1),
	(1738, 110, 'KE', 'NY', 'Nyanza', 1),
	(1739, 110, 'KE', 'RV', 'Rift Valley', 1),
	(1740, 110, 'KE', 'WE', 'Western', 1),
	(1741, 111, 'KI', 'AG', 'Abaiang', 1),
	(1742, 111, 'KI', 'AM', 'Abemama', 1),
	(1743, 111, 'KI', 'AK', 'Aranuka', 1),
	(1744, 111, 'KI', 'AO', 'Arorae', 1),
	(1745, 111, 'KI', 'BA', 'Banaba', 1),
	(1746, 111, 'KI', 'BE', 'Beru', 1),
	(1747, 111, 'KI', 'bT', 'Butaritari', 1),
	(1748, 111, 'KI', 'KA', 'Kanton', 1),
	(1749, 111, 'KI', 'KR', 'Kiritimati', 1),
	(1750, 111, 'KI', 'KU', 'Kuria', 1),
	(1751, 111, 'KI', 'MI', 'Maiana', 1),
	(1752, 111, 'KI', 'MN', 'Makin', 1),
	(1753, 111, 'KI', 'ME', 'Marakei', 1),
	(1754, 111, 'KI', 'NI', 'Nikunau', 1),
	(1755, 111, 'KI', 'NO', 'Nonouti', 1),
	(1756, 111, 'KI', 'ON', 'Onotoa', 1),
	(1757, 111, 'KI', 'TT', 'Tabiteuea', 1),
	(1758, 111, 'KI', 'TR', 'Tabuaeran', 1),
	(1759, 111, 'KI', 'TM', 'Tamana', 1),
	(1760, 111, 'KI', 'TW', 'Tarawa', 1),
	(1761, 111, 'KI', 'TE', 'Teraina', 1),
	(1762, 112, 'KP', 'CHA', 'Chagang-do', 1),
	(1763, 112, 'KP', 'HAB', 'Hamgyong-bukto', 1),
	(1764, 112, 'KP', 'HAN', 'Hamgyong-namdo', 1),
	(1765, 112, 'KP', 'HWB', 'Hwanghae-bukto', 1),
	(1766, 112, 'KP', 'HWN', 'Hwanghae-namdo', 1),
	(1767, 112, 'KP', 'KAN', 'Kangwon-do', 1),
	(1768, 112, 'KP', 'PYB', 'P\'yongan-bukto', 1),
	(1769, 112, 'KP', 'PYN', 'P\'yongan-namdo', 1),
	(1770, 112, 'KP', 'YAN', 'Ryanggang-do (Yanggang-do)', 1),
	(1771, 112, 'KP', 'NAJ', 'Rason Directly Governed City', 1),
	(1772, 112, 'KP', 'PYO', 'P\'yongyang Special City', 1),
	(1773, 113, 'KR', 'CO', 'Ch\'ungch\'ong-bukto', 1),
	(1774, 113, 'KR', 'CH', 'Ch\'ungch\'ong-namdo', 1),
	(1775, 113, 'KR', 'CD', 'Cheju-do', 1),
	(1776, 113, 'KR', 'CB', 'Cholla-bukto', 1),
	(1777, 113, 'KR', 'CN', 'Cholla-namdo', 1),
	(1778, 113, 'KR', 'IG', 'Inch\'on-gwangyoksi', 1),
	(1779, 113, 'KR', 'KA', 'Kangwon-do', 1),
	(1780, 113, 'KR', 'KG', 'Kwangju-gwangyoksi', 1),
	(1781, 113, 'KR', 'KD', 'Kyonggi-do', 1),
	(1782, 113, 'KR', 'KB', 'Kyongsang-bukto', 1),
	(1783, 113, 'KR', 'KN', 'Kyongsang-namdo', 1),
	(1784, 113, 'KR', 'PG', 'Pusan-gwangyoksi', 1),
	(1785, 113, 'KR', 'SO', 'Soul-t\'ukpyolsi', 1),
	(1786, 113, 'KR', 'TA', 'Taegu-gwangyoksi', 1),
	(1787, 113, 'KR', 'TG', 'Taejon-gwangyoksi', 1),
	(1788, 114, 'KW', 'AL', 'Al \'Asimah', 1),
	(1789, 114, 'KW', 'AA', 'Al Ahmadi', 1),
	(1790, 114, 'KW', 'AF', 'Al Farwaniyah', 1),
	(1791, 114, 'KW', 'AJ', 'Al Jahra\'', 1),
	(1792, 114, 'KW', 'HA', 'Hawalli', 1),
	(1793, 115, 'KG', 'GB', 'Bishkek', 1),
	(1794, 115, 'KG', 'B', 'Batken', 1),
	(1795, 115, 'KG', 'C', 'Chu', 1),
	(1796, 115, 'KG', 'J', 'Jalal-Abad', 1),
	(1797, 115, 'KG', 'N', 'Naryn', 1),
	(1798, 115, 'KG', 'O', 'Osh', 1),
	(1799, 115, 'KG', 'T', 'Talas', 1),
	(1800, 115, 'KG', 'Y', 'Ysyk-Kol', 1),
	(1801, 116, 'LA', 'VT', 'Vientiane', 1),
	(1802, 116, 'LA', 'AT', 'Attapu', 1),
	(1803, 116, 'LA', 'BK', 'Bokeo', 1),
	(1804, 116, 'LA', 'BL', 'Bolikhamxai', 1),
	(1805, 116, 'LA', 'CH', 'Champasak', 1),
	(1806, 116, 'LA', 'HO', 'Houaphan', 1),
	(1807, 116, 'LA', 'KH', 'Khammouan', 1),
	(1808, 116, 'LA', 'LM', 'Louang Namtha', 1),
	(1809, 116, 'LA', 'LP', 'Louangphabang', 1),
	(1810, 116, 'LA', 'OU', 'Oudomxai', 1),
	(1811, 116, 'LA', 'PH', 'Phongsali', 1),
	(1812, 116, 'LA', 'SL', 'Salavan', 1),
	(1813, 116, 'LA', 'SV', 'Savannakhet', 1),
	(1814, 116, 'LA', 'VI', 'Vientiane', 1),
	(1815, 116, 'LA', 'XA', 'Xaignabouli', 1),
	(1816, 116, 'LA', 'XE', 'Xekong', 1),
	(1817, 116, 'LA', 'XI', 'Xiangkhoang', 1),
	(1818, 116, 'LA', 'XN', 'Xaisomboun', 1),
	(1819, 117, 'LV', 'AIZ', 'Aizkraukles Rajons', 1),
	(1820, 117, 'LV', 'ALU', 'Aluksnes Rajons', 1),
	(1821, 117, 'LV', 'BAL', 'Balvu Rajons', 1),
	(1822, 117, 'LV', 'BAU', 'Bauskas Rajons', 1),
	(1823, 117, 'LV', 'CES', 'Cesu Rajons', 1),
	(1824, 117, 'LV', 'DGR', 'Daugavpils Rajons', 1),
	(1825, 117, 'LV', 'DOB', 'Dobeles Rajons', 1),
	(1826, 117, 'LV', 'GUL', 'Gulbenes Rajons', 1),
	(1827, 117, 'LV', 'JEK', 'Jekabpils Rajons', 1),
	(1828, 117, 'LV', 'JGR', 'Jelgavas Rajons', 1),
	(1829, 117, 'LV', 'KRA', 'Kraslavas Rajons', 1),
	(1830, 117, 'LV', 'KUL', 'Kuldigas Rajons', 1),
	(1831, 117, 'LV', 'LPR', 'Liepajas Rajons', 1),
	(1832, 117, 'LV', 'LIM', 'Limbazu Rajons', 1),
	(1833, 117, 'LV', 'LUD', 'Ludzas Rajons', 1),
	(1834, 117, 'LV', 'MAD', 'Madonas Rajons', 1),
	(1835, 117, 'LV', 'OGR', 'Ogres Rajons', 1),
	(1836, 117, 'LV', 'PRE', 'Preilu Rajons', 1),
	(1837, 117, 'LV', 'RZR', 'Rezeknes Rajons', 1),
	(1838, 117, 'LV', 'RGR', 'Rigas Rajons', 1),
	(1839, 117, 'LV', 'SAL', 'Saldus Rajons', 1),
	(1840, 117, 'LV', 'TAL', 'Talsu Rajons', 1),
	(1841, 117, 'LV', 'TUK', 'Tukuma Rajons', 1),
	(1842, 117, 'LV', 'VLK', 'Valkas Rajons', 1),
	(1843, 117, 'LV', 'VLM', 'Valmieras Rajons', 1),
	(1844, 117, 'LV', 'VSR', 'Ventspils Rajons', 1),
	(1845, 117, 'LV', 'DGV', 'Daugavpils', 1),
	(1846, 117, 'LV', 'JGV', 'Jelgava', 1),
	(1847, 117, 'LV', 'JUR', 'Jurmala', 1),
	(1848, 117, 'LV', 'LPK', 'Liepaja', 1),
	(1849, 117, 'LV', 'RZK', 'Rezekne', 1),
	(1850, 117, 'LV', 'RGA', 'Riga', 1),
	(1851, 117, 'LV', 'VSL', 'Ventspils', 1),
	(1852, 119, 'LS', 'BE', 'Berea', 1),
	(1853, 119, 'LS', 'BB', 'Butha-Buthe', 1),
	(1854, 119, 'LS', 'LE', 'Leribe', 1),
	(1855, 119, 'LS', 'MF', 'Mafeteng', 1),
	(1856, 119, 'LS', 'MS', 'Maseru', 1),
	(1857, 119, 'LS', 'MH', 'Mohale\'s Hoek', 1),
	(1858, 119, 'LS', 'MK', 'Mokhotlong', 1),
	(1859, 119, 'LS', 'QN', 'Qacha\'s Nek', 1),
	(1860, 119, 'LS', 'QT', 'Quthing', 1),
	(1861, 119, 'LS', 'TT', 'Thaba-Tseka', 1),
	(1862, 120, 'LR', 'BI', 'Bomi', 1),
	(1863, 120, 'LR', 'BG', 'Bong', 1),
	(1864, 120, 'LR', 'GB', 'Grand Bassa', 1),
	(1865, 120, 'LR', 'CM', 'Grand Cape Mount', 1),
	(1866, 120, 'LR', 'GG', 'Grand Gedeh', 1),
	(1867, 120, 'LR', 'GK', 'Grand Kru', 1),
	(1868, 120, 'LR', 'LO', 'Lofa', 1),
	(1869, 120, 'LR', 'MG', 'Margibi', 1),
	(1870, 120, 'LR', 'ML', 'Maryland', 1),
	(1871, 120, 'LR', 'MS', 'Montserrado', 1),
	(1872, 120, 'LR', 'NB', 'Nimba', 1),
	(1873, 120, 'LR', 'RC', 'River Cess', 1),
	(1874, 120, 'LR', 'SN', 'Sinoe', 1),
	(1875, 121, 'LY', 'AJ', 'Ajdabiya', 1),
	(1876, 121, 'LY', 'AZ', 'Al \'Aziziyah', 1),
	(1877, 121, 'LY', 'FA', 'Al Fatih', 1),
	(1878, 121, 'LY', 'JA', 'Al Jabal al Akhdar', 1),
	(1879, 121, 'LY', 'JU', 'Al Jufrah', 1),
	(1880, 121, 'LY', 'KH', 'Al Khums', 1),
	(1881, 121, 'LY', 'KU', 'Al Kufrah', 1),
	(1882, 121, 'LY', 'NK', 'An Nuqat al Khams', 1),
	(1883, 121, 'LY', 'AS', 'Ash Shati\'', 1),
	(1884, 121, 'LY', 'AW', 'Awbari', 1),
	(1885, 121, 'LY', 'ZA', 'Az Zawiyah', 1),
	(1886, 121, 'LY', 'BA', 'Banghazi', 1),
	(1887, 121, 'LY', 'DA', 'Darnah', 1),
	(1888, 121, 'LY', 'GD', 'Ghadamis', 1),
	(1889, 121, 'LY', 'GY', 'Gharyan', 1),
	(1890, 121, 'LY', 'MI', 'Misratah', 1),
	(1891, 121, 'LY', 'MZ', 'Murzuq', 1),
	(1892, 121, 'LY', 'SB', 'Sabha', 1),
	(1893, 121, 'LY', 'SW', 'Sawfajjin', 1),
	(1894, 121, 'LY', 'SU', 'Surt', 1),
	(1895, 121, 'LY', 'TL', 'Tarabulus (Tripoli)', 1),
	(1896, 121, 'LY', 'TH', 'Tarhunah', 1),
	(1897, 121, 'LY', 'TU', 'Tubruq', 1),
	(1898, 121, 'LY', 'YA', 'Yafran', 1),
	(1899, 121, 'LY', 'ZL', 'Zlitan', 1),
	(1900, 122, 'LI', 'V', 'Vaduz', 1),
	(1901, 122, 'LI', 'A', 'Schaan', 1),
	(1902, 122, 'LI', 'B', 'Balzers', 1),
	(1903, 122, 'LI', 'N', 'Triesen', 1),
	(1904, 122, 'LI', 'E', 'Eschen', 1),
	(1905, 122, 'LI', 'M', 'Mauren', 1),
	(1906, 122, 'LI', 'T', 'Triesenberg', 1),
	(1907, 122, 'LI', 'R', 'Ruggell', 1),
	(1908, 122, 'LI', 'G', 'Gamprin', 1),
	(1909, 122, 'LI', 'L', 'Schellenberg', 1),
	(1910, 122, 'LI', 'P', 'Planken', 1),
	(1911, 123, 'LT', 'AL', 'Alytus', 1),
	(1912, 123, 'LT', 'KA', 'Kaunas', 1),
	(1913, 123, 'LT', 'KL', 'Klaipeda', 1),
	(1914, 123, 'LT', 'MA', 'Marijampole', 1),
	(1915, 123, 'LT', 'PA', 'Panevezys', 1),
	(1916, 123, 'LT', 'SI', 'Siauliai', 1),
	(1917, 123, 'LT', 'TA', 'Taurage', 1),
	(1918, 123, 'LT', 'TE', 'Telsiai', 1),
	(1919, 123, 'LT', 'UT', 'Utena', 1),
	(1920, 123, 'LT', 'VI', 'Vilnius', 1),
	(1921, 124, 'LU', 'DD', 'Diekirch', 1),
	(1922, 124, 'LU', 'DC', 'Clervaux', 1),
	(1923, 124, 'LU', 'DR', 'Redange', 1),
	(1924, 124, 'LU', 'DV', 'Vianden', 1),
	(1925, 124, 'LU', 'DW', 'Wiltz', 1),
	(1926, 124, 'LU', 'GG', 'Grevenmacher', 1),
	(1927, 124, 'LU', 'GE', 'Echternach', 1),
	(1928, 124, 'LU', 'GR', 'Remich', 1),
	(1929, 124, 'LU', 'LL', 'Luxembourg', 1),
	(1930, 124, 'LU', 'LC', 'Capellen', 1),
	(1931, 124, 'LU', 'LE', 'Esch-sur-Alzette', 1),
	(1932, 124, 'LU', 'LM', 'Mersch', 1),
	(1933, 125, 'MO', 'OLF', 'Our Lady Fatima Parish', 1),
	(1934, 125, 'MO', 'ANT', 'St. Anthony Parish', 1),
	(1935, 125, 'MO', 'LAZ', 'St. Lazarus Parish', 1),
	(1936, 125, 'MO', 'CAT', 'Cathedral Parish', 1),
	(1937, 125, 'MO', 'LAW', 'St. Lawrence Parish', 1),
	(1938, 127, 'MG', 'AN', 'Antananarivo', 1),
	(1939, 127, 'MG', 'AS', 'Antsiranana', 1),
	(1940, 127, 'MG', 'FN', 'Fianarantsoa', 1),
	(1941, 127, 'MG', 'MJ', 'Mahajanga', 1),
	(1942, 127, 'MG', 'TM', 'Toamasina', 1),
	(1943, 127, 'MG', 'TL', 'Toliara', 1),
	(1944, 128, 'MW', 'BLK', 'Balaka', 1),
	(1945, 128, 'MW', 'BLT', 'Blantyre', 1),
	(1946, 128, 'MW', 'CKW', 'Chikwawa', 1),
	(1947, 128, 'MW', 'CRD', 'Chiradzulu', 1),
	(1948, 128, 'MW', 'CTP', 'Chitipa', 1),
	(1949, 128, 'MW', 'DDZ', 'Dedza', 1),
	(1950, 128, 'MW', 'DWA', 'Dowa', 1),
	(1951, 128, 'MW', 'KRG', 'Karonga', 1),
	(1952, 128, 'MW', 'KSG', 'Kasungu', 1),
	(1953, 128, 'MW', 'LKM', 'Likoma', 1),
	(1954, 128, 'MW', 'LLG', 'Lilongwe', 1),
	(1955, 128, 'MW', 'MCG', 'Machinga', 1),
	(1956, 128, 'MW', 'MGC', 'Mangochi', 1),
	(1957, 128, 'MW', 'MCH', 'Mchinji', 1),
	(1958, 128, 'MW', 'MLJ', 'Mulanje', 1),
	(1959, 128, 'MW', 'MWZ', 'Mwanza', 1),
	(1960, 128, 'MW', 'MZM', 'Mzimba', 1),
	(1961, 128, 'MW', 'NTU', 'Ntcheu', 1),
	(1962, 128, 'MW', 'NKB', 'Nkhata Bay', 1),
	(1963, 128, 'MW', 'NKH', 'Nkhotakota', 1),
	(1964, 128, 'MW', 'NSJ', 'Nsanje', 1),
	(1965, 128, 'MW', 'NTI', 'Ntchisi', 1),
	(1966, 128, 'MW', 'PHL', 'Phalombe', 1),
	(1967, 128, 'MW', 'RMP', 'Rumphi', 1),
	(1968, 128, 'MW', 'SLM', 'Salima', 1),
	(1969, 128, 'MW', 'THY', 'Thyolo', 1),
	(1970, 128, 'MW', 'ZBA', 'Zomba', 1),
	(1971, 129, 'MY', 'JO', 'Johor', 1),
	(1972, 129, 'MY', 'KE', 'Kedah', 1),
	(1973, 129, 'MY', 'KL', 'Kelantan', 1),
	(1974, 129, 'MY', 'LA', 'Labuan', 1),
	(1975, 129, 'MY', 'ME', 'Melaka', 1),
	(1976, 129, 'MY', 'NS', 'Negeri Sembilan', 1),
	(1977, 129, 'MY', 'PA', 'Pahang', 1),
	(1978, 129, 'MY', 'PE', 'Perak', 1),
	(1979, 129, 'MY', 'PR', 'Perlis', 1),
	(1980, 129, 'MY', 'PP', 'Pulau Pinang', 1),
	(1981, 129, 'MY', 'SA', 'Sabah', 1),
	(1982, 129, 'MY', 'SR', 'Sarawak', 1),
	(1983, 129, 'MY', 'SE', 'Selangor', 1),
	(1984, 129, 'MY', 'TE', 'Terengganu', 1),
	(1985, 129, 'MY', 'WP', 'Wilayah Persekutuan', 1),
	(1986, 130, 'MV', 'THU', 'Thiladhunmathi Uthuru', 1),
	(1987, 130, 'MV', 'THD', 'Thiladhunmathi Dhekunu', 1),
	(1988, 130, 'MV', 'MLU', 'Miladhunmadulu Uthuru', 1),
	(1989, 130, 'MV', 'MLD', 'Miladhunmadulu Dhekunu', 1),
	(1990, 130, 'MV', 'MAU', 'Maalhosmadulu Uthuru', 1),
	(1991, 130, 'MV', 'MAD', 'Maalhosmadulu Dhekunu', 1),
	(1992, 130, 'MV', 'FAA', 'Faadhippolhu', 1),
	(1993, 130, 'MV', 'MAA', 'Male Atoll', 1),
	(1994, 130, 'MV', 'AAU', 'Ari Atoll Uthuru', 1),
	(1995, 130, 'MV', 'AAD', 'Ari Atoll Dheknu', 1),
	(1996, 130, 'MV', 'FEA', 'Felidhe Atoll', 1),
	(1997, 130, 'MV', 'MUA', 'Mulaku Atoll', 1),
	(1998, 130, 'MV', 'NAU', 'Nilandhe Atoll Uthuru', 1),
	(1999, 130, 'MV', 'NAD', 'Nilandhe Atoll Dhekunu', 1),
	(2000, 130, 'MV', 'KLH', 'Kolhumadulu', 1),
	(2001, 130, 'MV', 'HDH', 'Hadhdhunmathi', 1),
	(2002, 130, 'MV', 'HAU', 'Huvadhu Atoll Uthuru', 1),
	(2003, 130, 'MV', 'HAD', 'Huvadhu Atoll Dhekunu', 1),
	(2004, 130, 'MV', 'FMU', 'Fua Mulaku', 1),
	(2005, 130, 'MV', 'ADD', 'Addu', 1),
	(2006, 131, 'ML', 'GA', 'Gao', 1),
	(2007, 131, 'ML', 'KY', 'Kayes', 1),
	(2008, 131, 'ML', 'KD', 'Kidal', 1),
	(2009, 131, 'ML', 'KL', 'Koulikoro', 1),
	(2010, 131, 'ML', 'MP', 'Mopti', 1),
	(2011, 131, 'ML', 'SG', 'Segou', 1),
	(2012, 131, 'ML', 'SK', 'Sikasso', 1),
	(2013, 131, 'ML', 'TB', 'Tombouctou', 1),
	(2014, 131, 'ML', 'CD', 'Bamako Capital District', 1),
	(2015, 132, 'MT', 'ATT', 'Attard', 1),
	(2016, 132, 'MT', 'BAL', 'Balzan', 1),
	(2017, 132, 'MT', 'BGU', 'Birgu', 1),
	(2018, 132, 'MT', 'BKK', 'Birkirkara', 1),
	(2019, 132, 'MT', 'BRZ', 'Birzebbuga', 1),
	(2020, 132, 'MT', 'BOR', 'Bormla', 1),
	(2021, 132, 'MT', 'DIN', 'Dingli', 1),
	(2022, 132, 'MT', 'FGU', 'Fgura', 1),
	(2023, 132, 'MT', 'FLO', 'Floriana', 1),
	(2024, 132, 'MT', 'GDJ', 'Gudja', 1),
	(2025, 132, 'MT', 'GZR', 'Gzira', 1),
	(2026, 132, 'MT', 'GRG', 'Gargur', 1),
	(2027, 132, 'MT', 'GXQ', 'Gaxaq', 1),
	(2028, 132, 'MT', 'HMR', 'Hamrun', 1),
	(2029, 132, 'MT', 'IKL', 'Iklin', 1),
	(2030, 132, 'MT', 'ISL', 'Isla', 1),
	(2031, 132, 'MT', 'KLK', 'Kalkara', 1),
	(2032, 132, 'MT', 'KRK', 'Kirkop', 1),
	(2033, 132, 'MT', 'LIJ', 'Lija', 1),
	(2034, 132, 'MT', 'LUQ', 'Luqa', 1),
	(2035, 132, 'MT', 'MRS', 'Marsa', 1),
	(2036, 132, 'MT', 'MKL', 'Marsaskala', 1),
	(2037, 132, 'MT', 'MXL', 'Marsaxlokk', 1),
	(2038, 132, 'MT', 'MDN', 'Mdina', 1),
	(2039, 132, 'MT', 'MEL', 'Melliea', 1),
	(2040, 132, 'MT', 'MGR', 'Mgarr', 1),
	(2041, 132, 'MT', 'MST', 'Mosta', 1),
	(2042, 132, 'MT', 'MQA', 'Mqabba', 1),
	(2043, 132, 'MT', 'MSI', 'Msida', 1),
	(2044, 132, 'MT', 'MTF', 'Mtarfa', 1),
	(2045, 132, 'MT', 'NAX', 'Naxxar', 1),
	(2046, 132, 'MT', 'PAO', 'Paola', 1),
	(2047, 132, 'MT', 'PEM', 'Pembroke', 1),
	(2048, 132, 'MT', 'PIE', 'Pieta', 1),
	(2049, 132, 'MT', 'QOR', 'Qormi', 1),
	(2050, 132, 'MT', 'QRE', 'Qrendi', 1),
	(2051, 132, 'MT', 'RAB', 'Rabat', 1),
	(2052, 132, 'MT', 'SAF', 'Safi', 1),
	(2053, 132, 'MT', 'SGI', 'San Giljan', 1),
	(2054, 132, 'MT', 'SLU', 'Santa Lucija', 1),
	(2055, 132, 'MT', 'SPB', 'San Pawl il-Bahar', 1),
	(2056, 132, 'MT', 'SGW', 'San Gwann', 1),
	(2057, 132, 'MT', 'SVE', 'Santa Venera', 1),
	(2058, 132, 'MT', 'SIG', 'Siggiewi', 1),
	(2059, 132, 'MT', 'SLM', 'Sliema', 1),
	(2060, 132, 'MT', 'SWQ', 'Swieqi', 1),
	(2061, 132, 'MT', 'TXB', 'Ta Xbiex', 1),
	(2062, 132, 'MT', 'TRX', 'Tarxien', 1),
	(2063, 132, 'MT', 'VLT', 'Valletta', 1),
	(2064, 132, 'MT', 'XGJ', 'Xgajra', 1),
	(2065, 132, 'MT', 'ZBR', 'Zabbar', 1),
	(2066, 132, 'MT', 'ZBG', 'Zebbug', 1),
	(2067, 132, 'MT', 'ZJT', 'Zejtun', 1),
	(2068, 132, 'MT', 'ZRQ', 'Zurrieq', 1),
	(2069, 132, 'MT', 'FNT', 'Fontana', 1),
	(2070, 132, 'MT', 'GHJ', 'Ghajnsielem', 1),
	(2071, 132, 'MT', 'GHR', 'Gharb', 1),
	(2072, 132, 'MT', 'GHS', 'Ghasri', 1),
	(2073, 132, 'MT', 'KRC', 'Kercem', 1),
	(2074, 132, 'MT', 'MUN', 'Munxar', 1),
	(2075, 132, 'MT', 'NAD', 'Nadur', 1),
	(2076, 132, 'MT', 'QAL', 'Qala', 1),
	(2077, 132, 'MT', 'VIC', 'Victoria', 1),
	(2078, 132, 'MT', 'SLA', 'San Lawrenz', 1),
	(2079, 132, 'MT', 'SNT', 'Sannat', 1),
	(2080, 132, 'MT', 'ZAG', 'Xagra', 1),
	(2081, 132, 'MT', 'XEW', 'Xewkija', 1),
	(2082, 132, 'MT', 'ZEB', 'Zebbug', 1),
	(2083, 133, 'MH', 'ALG', 'Ailinginae', 1),
	(2084, 133, 'MH', 'ALL', 'Ailinglaplap', 1),
	(2085, 133, 'MH', 'ALK', 'Ailuk', 1),
	(2086, 133, 'MH', 'ARN', 'Arno', 1),
	(2087, 133, 'MH', 'AUR', 'Aur', 1),
	(2088, 133, 'MH', 'BKR', 'Bikar', 1),
	(2089, 133, 'MH', 'BKN', 'Bikini', 1),
	(2090, 133, 'MH', 'BKK', 'Bokak', 1),
	(2091, 133, 'MH', 'EBN', 'Ebon', 1),
	(2092, 133, 'MH', 'ENT', 'Enewetak', 1),
	(2093, 133, 'MH', 'EKB', 'Erikub', 1),
	(2094, 133, 'MH', 'JBT', 'Jabat', 1),
	(2095, 133, 'MH', 'JLT', 'Jaluit', 1),
	(2096, 133, 'MH', 'JEM', 'Jemo', 1),
	(2097, 133, 'MH', 'KIL', 'Kili', 1),
	(2098, 133, 'MH', 'KWJ', 'Kwajalein', 1),
	(2099, 133, 'MH', 'LAE', 'Lae', 1),
	(2100, 133, 'MH', 'LIB', 'Lib', 1),
	(2101, 133, 'MH', 'LKP', 'Likiep', 1),
	(2102, 133, 'MH', 'MJR', 'Majuro', 1),
	(2103, 133, 'MH', 'MLP', 'Maloelap', 1),
	(2104, 133, 'MH', 'MJT', 'Mejit', 1),
	(2105, 133, 'MH', 'MIL', 'Mili', 1),
	(2106, 133, 'MH', 'NMK', 'Namorik', 1),
	(2107, 133, 'MH', 'NAM', 'Namu', 1),
	(2108, 133, 'MH', 'RGL', 'Rongelap', 1),
	(2109, 133, 'MH', 'RGK', 'Rongrik', 1),
	(2110, 133, 'MH', 'TOK', 'Toke', 1),
	(2111, 133, 'MH', 'UJA', 'Ujae', 1),
	(2112, 133, 'MH', 'UJL', 'Ujelang', 1),
	(2113, 133, 'MH', 'UTK', 'Utirik', 1),
	(2114, 133, 'MH', 'WTH', 'Wotho', 1),
	(2115, 133, 'MH', 'WTJ', 'Wotje', 1),
	(2116, 135, 'MR', 'AD', 'Adrar', 1),
	(2117, 135, 'MR', 'AS', 'Assaba', 1),
	(2118, 135, 'MR', 'BR', 'Brakna', 1),
	(2119, 135, 'MR', 'DN', 'Dakhlet Nouadhibou', 1),
	(2120, 135, 'MR', 'GO', 'Gorgol', 1),
	(2121, 135, 'MR', 'GM', 'Guidimaka', 1),
	(2122, 135, 'MR', 'HC', 'Hodh Ech Chargui', 1),
	(2123, 135, 'MR', 'HG', 'Hodh El Gharbi', 1),
	(2124, 135, 'MR', 'IN', 'Inchiri', 1),
	(2125, 135, 'MR', 'TA', 'Tagant', 1),
	(2126, 135, 'MR', 'TZ', 'Tiris Zemmour', 1),
	(2127, 135, 'MR', 'TR', 'Trarza', 1),
	(2128, 135, 'MR', 'NO', 'Nouakchott', 1),
	(2129, 136, 'MU', 'BR', 'Beau Bassin-Rose Hill', 1),
	(2130, 136, 'MU', 'CU', 'Curepipe', 1),
	(2131, 136, 'MU', 'PU', 'Port Louis', 1),
	(2132, 136, 'MU', 'QB', 'Quatre Bornes', 1),
	(2133, 136, 'MU', 'VP', 'Vacoas-Phoenix', 1),
	(2134, 136, 'MU', 'AG', 'Agalega Islands', 1),
	(2135, 136, 'MU', 'CC', 'Cargados Carajos Shoals (Saint B', 1),
	(2136, 136, 'MU', 'RO', 'Rodrigues', 1),
	(2137, 136, 'MU', 'BL', 'Black River', 1),
	(2138, 136, 'MU', 'FL', 'Flacq', 1),
	(2139, 136, 'MU', 'GP', 'Grand Port', 1),
	(2140, 136, 'MU', 'MO', 'Moka', 1),
	(2141, 136, 'MU', 'PA', 'Pamplemousses', 1),
	(2142, 136, 'MU', 'PW', 'Plaines Wilhems', 1),
	(2143, 136, 'MU', 'PL', 'Port Louis', 1),
	(2144, 136, 'MU', 'RR', 'Riviere du Rempart', 1),
	(2145, 136, 'MU', 'SA', 'Savanne', 1),
	(2146, 138, 'MX', 'AGU', 'Aguascalientes', 1),
	(2147, 138, 'MX', 'BCN', 'Baja California Norte', 1),
	(2148, 138, 'MX', 'BCS', 'Baja California Sur', 1),
	(2149, 138, 'MX', 'CAM', 'Campeche', 1),
	(2150, 138, 'MX', 'CHP', 'Chiapas', 1),
	(2151, 138, 'MX', 'CHH', 'Chihuahua', 1),
	(2152, 138, 'MX', 'COA', 'Coahuila de Zaragoza', 1),
	(2153, 138, 'MX', 'COL', 'Colima', 1),
	(2154, 138, 'MX', 'DIF', 'Distrito Federal', 1),
	(2155, 138, 'MX', 'DUR', 'Durango', 1),
	(2156, 138, 'MX', 'GUA', 'Guanajuato', 1),
	(2157, 138, 'MX', 'GRO', 'Guerrero', 1),
	(2158, 138, 'MX', 'HID', 'Hidalgo', 1),
	(2159, 138, 'MX', 'JAL', 'Jalisco', 1),
	(2160, 138, 'MX', 'MEX', 'Mexico', 1),
	(2161, 138, 'MX', 'MIC', 'Michoacan de Ocampo', 1),
	(2162, 138, 'MX', 'MOR', 'Morelos', 1),
	(2163, 138, 'MX', 'NAY', 'Nayarit', 1),
	(2164, 138, 'MX', 'NLE', 'Nuevo Leon', 1),
	(2165, 138, 'MX', 'OAX', 'Oaxaca', 1),
	(2166, 138, 'MX', 'PUE', 'Puebla', 1),
	(2167, 138, 'MX', 'QUE', 'Queretaro de Arteaga', 1),
	(2168, 138, 'MX', 'ROO', 'Quintana Roo', 1),
	(2169, 138, 'MX', 'SLP', 'San Luis Potosi', 1),
	(2170, 138, 'MX', 'SIN', 'Sinaloa', 1),
	(2171, 138, 'MX', 'SON', 'Sonora', 1),
	(2172, 138, 'MX', 'TAB', 'Tabasco', 1),
	(2173, 138, 'MX', 'TAM', 'Tamaulipas', 1),
	(2174, 138, 'MX', 'TLA', 'Tlaxcala', 1),
	(2175, 138, 'MX', 'VER', 'Veracruz-Llave', 1),
	(2176, 138, 'MX', 'YUC', 'Yucatan', 1),
	(2177, 138, 'MX', 'ZAC', 'Zacatecas', 1),
	(2178, 139, 'FM', 'C', 'Chuuk', 1),
	(2179, 139, 'FM', 'K', 'Kosrae', 1),
	(2180, 139, 'FM', 'P', 'Pohnpei', 1),
	(2181, 139, 'FM', 'Y', 'Yap', 1),
	(2182, 140, 'MD', 'GA', 'Gagauzia', 1),
	(2183, 140, 'MD', 'CU', 'Chisinau', 1),
	(2184, 140, 'MD', 'BA', 'Balti', 1),
	(2185, 140, 'MD', 'CA', 'Cahul', 1),
	(2186, 140, 'MD', 'ED', 'Edinet', 1),
	(2187, 140, 'MD', 'LA', 'Lapusna', 1),
	(2188, 140, 'MD', 'OR', 'Orhei', 1),
	(2189, 140, 'MD', 'SO', 'Soroca', 1),
	(2190, 140, 'MD', 'TI', 'Tighina', 1),
	(2191, 140, 'MD', 'UN', 'Ungheni', 1),
	(2192, 140, 'MD', 'SN', 'Stânga Nistrului', 1),
	(2193, 141, 'MC', 'FV', 'Fontvieille', 1),
	(2194, 141, 'MC', 'LC', 'La Condamine', 1),
	(2195, 141, 'MC', 'MV', 'Monaco-Ville', 1),
	(2196, 141, 'MC', 'MC', 'Monte-Carlo', 1),
	(2197, 142, 'MN', '1', 'Ulanbaatar', 1),
	(2198, 142, 'MN', '035', 'Orhon', 1),
	(2199, 142, 'MN', '037', 'Darhan uul', 1),
	(2200, 142, 'MN', '039', 'Hentiy', 1),
	(2201, 142, 'MN', '041', 'Hovsgol', 1),
	(2202, 142, 'MN', '043', 'Hovd', 1),
	(2203, 142, 'MN', '046', 'Uvs', 1),
	(2204, 142, 'MN', '047', 'Tov', 1),
	(2205, 142, 'MN', '049', 'Selenge', 1),
	(2206, 142, 'MN', '051', 'Suhbaatar', 1),
	(2207, 142, 'MN', '053', 'Omnogovi', 1),
	(2208, 142, 'MN', '055', 'Ovorhangay', 1),
	(2209, 142, 'MN', '057', 'Dzavhan', 1),
	(2210, 142, 'MN', '059', 'DundgovL', 1),
	(2211, 142, 'MN', '061', 'Dornod', 1),
	(2212, 142, 'MN', '063', 'Dornogov', 1),
	(2213, 142, 'MN', '064', 'Govi-Sumber', 1),
	(2214, 142, 'MN', '065', 'Govi-Altay', 1),
	(2215, 142, 'MN', '067', 'Bulgan', 1),
	(2216, 142, 'MN', '069', 'Bayanhongor', 1),
	(2217, 142, 'MN', '071', 'Bayan-Olgiy', 1),
	(2218, 142, 'MN', '073', 'Arhangay', 1),
	(2219, 143, 'MS', 'A', 'Saint Anthony', 1),
	(2220, 143, 'MS', 'G', 'Saint Georges', 1),
	(2221, 143, 'MS', 'P', 'Saint Peter', 1),
	(2222, 144, 'MA', 'AGD', 'Agadir', 1),
	(2223, 144, 'MA', 'HOC', 'Al Hoceima', 1),
	(2224, 144, 'MA', 'AZI', 'Azilal', 1),
	(2225, 144, 'MA', 'BME', 'Beni Mellal', 1),
	(2226, 144, 'MA', 'BSL', 'Ben Slimane', 1),
	(2227, 144, 'MA', 'BLM', 'Boulemane', 1),
	(2228, 144, 'MA', 'CBL', 'Casablanca', 1),
	(2229, 144, 'MA', 'CHA', 'Chaouen', 1),
	(2230, 144, 'MA', 'EJA', 'El Jadida', 1),
	(2231, 144, 'MA', 'EKS', 'El Kelaa des Sraghna', 1),
	(2232, 144, 'MA', 'ERA', 'Er Rachidia', 1),
	(2233, 144, 'MA', 'ESS', 'Essaouira', 1),
	(2234, 144, 'MA', 'FES', 'Fes', 1),
	(2235, 144, 'MA', 'FIG', 'Figuig', 1),
	(2236, 144, 'MA', 'GLM', 'Guelmim', 1),
	(2237, 144, 'MA', 'IFR', 'Ifrane', 1),
	(2238, 144, 'MA', 'KEN', 'Kenitra', 1),
	(2239, 144, 'MA', 'KHM', 'Khemisset', 1),
	(2240, 144, 'MA', 'KHN', 'Khenifra', 1),
	(2241, 144, 'MA', 'KHO', 'Khouribga', 1),
	(2242, 144, 'MA', 'LYN', 'Laayoune', 1),
	(2243, 144, 'MA', 'LAR', 'Larache', 1),
	(2244, 144, 'MA', 'MRK', 'Marrakech', 1),
	(2245, 144, 'MA', 'MKN', 'Meknes', 1),
	(2246, 144, 'MA', 'NAD', 'Nador', 1),
	(2247, 144, 'MA', 'ORZ', 'Ouarzazate', 1),
	(2248, 144, 'MA', 'OUJ', 'Oujda', 1),
	(2249, 144, 'MA', 'RSA', 'Rabat-Sale', 1),
	(2250, 144, 'MA', 'SAF', 'Safi', 1),
	(2251, 144, 'MA', 'SET', 'Settat', 1),
	(2252, 144, 'MA', 'SKA', 'Sidi Kacem', 1),
	(2253, 144, 'MA', 'TGR', 'Tangier', 1),
	(2254, 144, 'MA', 'TAN', 'Tan-Tan', 1),
	(2255, 144, 'MA', 'TAO', 'Taounate', 1),
	(2256, 144, 'MA', 'TRD', 'Taroudannt', 1),
	(2257, 144, 'MA', 'TAT', 'Tata', 1),
	(2258, 144, 'MA', 'TAZ', 'Taza', 1),
	(2259, 144, 'MA', 'TET', 'Tetouan', 1),
	(2260, 144, 'MA', 'TIZ', 'Tiznit', 1),
	(2261, 144, 'MA', 'ADK', 'Ad Dakhla', 1),
	(2262, 144, 'MA', 'BJD', 'Boujdour', 1),
	(2263, 144, 'MA', 'ESM', 'Es Smara', 1),
	(2264, 145, 'MZ', 'CD', 'Cabo Delgado', 1),
	(2265, 145, 'MZ', 'GZ', 'Gaza', 1),
	(2266, 145, 'MZ', 'IN', 'Inhambane', 1),
	(2267, 145, 'MZ', 'MN', 'Manica', 1),
	(2268, 145, 'MZ', 'MC', 'Maputo (city)', 1),
	(2269, 145, 'MZ', 'MP', 'Maputo', 1),
	(2270, 145, 'MZ', 'NA', 'Nampula', 1),
	(2271, 145, 'MZ', 'NI', 'Niassa', 1),
	(2272, 145, 'MZ', 'SO', 'Sofala', 1),
	(2273, 145, 'MZ', 'TE', 'Tete', 1),
	(2274, 145, 'MZ', 'ZA', 'Zambezia', 1),
	(2275, 146, 'MM', 'AY', 'Ayeyarwady', 1),
	(2276, 146, 'MM', 'BG', 'Bago', 1),
	(2277, 146, 'MM', 'MG', 'Magway', 1),
	(2278, 146, 'MM', 'MD', 'Mandalay', 1),
	(2279, 146, 'MM', 'SG', 'Sagaing', 1),
	(2280, 146, 'MM', 'TN', 'Tanintharyi', 1),
	(2281, 146, 'MM', 'YG', 'Yangon', 1),
	(2282, 146, 'MM', 'CH', 'Chin State', 1),
	(2283, 146, 'MM', 'KC', 'Kachin State', 1),
	(2284, 146, 'MM', 'KH', 'Kayah State', 1),
	(2285, 146, 'MM', 'KN', 'Kayin State', 1),
	(2286, 146, 'MM', 'MN', 'Mon State', 1),
	(2287, 146, 'MM', 'RK', 'Rakhine State', 1),
	(2288, 146, 'MM', 'SH', 'Shan State', 1),
	(2289, 147, 'NA', 'CA', 'Caprivi', 1),
	(2290, 147, 'NA', 'ER', 'Erongo', 1),
	(2291, 147, 'NA', 'HA', 'Hardap', 1),
	(2292, 147, 'NA', 'KR', 'Karas', 1),
	(2293, 147, 'NA', 'KV', 'Kavango', 1),
	(2294, 147, 'NA', 'KH', 'Khomas', 1),
	(2295, 147, 'NA', 'KU', 'Kunene', 1),
	(2296, 147, 'NA', 'OW', 'Ohangwena', 1),
	(2297, 147, 'NA', 'OK', 'Omaheke', 1),
	(2298, 147, 'NA', 'OT', 'Omusati', 1),
	(2299, 147, 'NA', 'ON', 'Oshana', 1),
	(2300, 147, 'NA', 'OO', 'Oshikoto', 1),
	(2301, 147, 'NA', 'OJ', 'Otjozondjupa', 1),
	(2302, 148, 'NR', 'AO', 'Aiwo', 1),
	(2303, 148, 'NR', 'AA', 'Anabar', 1),
	(2304, 148, 'NR', 'AT', 'Anetan', 1),
	(2305, 148, 'NR', 'AI', 'Anibare', 1),
	(2306, 148, 'NR', 'BA', 'Baiti', 1),
	(2307, 148, 'NR', 'BO', 'Boe', 1),
	(2308, 148, 'NR', 'BU', 'Buada', 1),
	(2309, 148, 'NR', 'DE', 'Denigomodu', 1),
	(2310, 148, 'NR', 'EW', 'Ewa', 1),
	(2311, 148, 'NR', 'IJ', 'Ijuw', 1),
	(2312, 148, 'NR', 'ME', 'Meneng', 1),
	(2313, 148, 'NR', 'NI', 'Nibok', 1),
	(2314, 148, 'NR', 'UA', 'Uaboe', 1),
	(2315, 148, 'NR', 'YA', 'Yaren', 1),
	(2316, 149, 'NP', 'BA', 'Bagmati', 1),
	(2317, 149, 'NP', 'BH', 'Bheri', 1),
	(2318, 149, 'NP', 'DH', 'Dhawalagiri', 1),
	(2319, 149, 'NP', 'GA', 'Gandaki', 1),
	(2320, 149, 'NP', 'JA', 'Janakpur', 1),
	(2321, 149, 'NP', 'KA', 'Karnali', 1),
	(2322, 149, 'NP', 'KO', 'Kosi', 1),
	(2323, 149, 'NP', 'LU', 'Lumbini', 1),
	(2324, 149, 'NP', 'MA', 'Mahakali', 1),
	(2325, 149, 'NP', 'ME', 'Mechi', 1),
	(2326, 149, 'NP', 'NA', 'Narayani', 1),
	(2327, 149, 'NP', 'RA', 'Rapti', 1),
	(2328, 149, 'NP', 'SA', 'Sagarmatha', 1),
	(2329, 149, 'NP', 'SE', 'Seti', 1),
	(2330, 150, 'NL', 'DR', 'Drenthe', 1),
	(2331, 150, 'NL', 'FL', 'Flevoland', 1),
	(2332, 150, 'NL', 'FR', 'Friesland', 1),
	(2333, 150, 'NL', 'GE', 'Gelderland', 1),
	(2334, 150, 'NL', 'GR', 'Groningen', 1),
	(2335, 150, 'NL', 'LI', 'Limburg', 1),
	(2336, 150, 'NL', 'NB', 'Noord Brabant', 1),
	(2337, 150, 'NL', 'NH', 'Noord Holland', 1),
	(2338, 150, 'NL', 'OV', 'Overijssel', 1),
	(2339, 150, 'NL', 'UT', 'Utrecht', 1),
	(2340, 150, 'NL', 'ZE', 'Zeeland', 1),
	(2341, 150, 'NL', 'ZH', 'Zuid Holland', 1),
	(2342, 152, 'NC', 'L', 'Iles Loyaute', 1),
	(2343, 152, 'NC', 'N', 'Nord', 1),
	(2344, 152, 'NC', 'S', 'Sud', 1),
	(2345, 153, 'NZ', 'AUK', 'Auckland', 1),
	(2346, 153, 'NZ', 'BOP', 'Bay of Plenty', 1),
	(2347, 153, 'NZ', 'CAN', 'Canterbury', 1),
	(2348, 153, 'NZ', 'COR', 'Coromandel', 1),
	(2349, 153, 'NZ', 'GIS', 'Gisborne', 1),
	(2350, 153, 'NZ', 'FIO', 'Fiordland', 1),
	(2351, 153, 'NZ', 'HKB', 'Hawke\'s Bay', 1),
	(2352, 153, 'NZ', 'MBH', 'Marlborough', 1),
	(2353, 153, 'NZ', 'MWT', 'Manawatu-Wanganui', 1),
	(2354, 153, 'NZ', 'MCM', 'Mt Cook-Mackenzie', 1),
	(2355, 153, 'NZ', 'NSN', 'Nelson', 1),
	(2356, 153, 'NZ', 'NTL', 'Northland', 1),
	(2357, 153, 'NZ', 'OTA', 'Otago', 1),
	(2358, 153, 'NZ', 'STL', 'Southland', 1),
	(2359, 153, 'NZ', 'TKI', 'Taranaki', 1),
	(2360, 153, 'NZ', 'WGN', 'Wellington', 1),
	(2361, 153, 'NZ', 'WKO', 'Waikato', 1),
	(2362, 153, 'NZ', 'WAI', 'Wairprarapa', 1),
	(2363, 153, 'NZ', 'WTC', 'West Coast', 1),
	(2364, 154, 'NI', 'AN', 'Atlantico Norte', 1),
	(2365, 154, 'NI', 'AS', 'Atlantico Sur', 1),
	(2366, 154, 'NI', 'BO', 'Boaco', 1),
	(2367, 154, 'NI', 'CA', 'Carazo', 1),
	(2368, 154, 'NI', 'CI', 'Chinandega', 1),
	(2369, 154, 'NI', 'CO', 'Chontales', 1),
	(2370, 154, 'NI', 'ES', 'Esteli', 1),
	(2371, 154, 'NI', 'GR', 'Granada', 1),
	(2372, 154, 'NI', 'JI', 'Jinotega', 1),
	(2373, 154, 'NI', 'LE', 'Leon', 1),
	(2374, 154, 'NI', 'MD', 'Madriz', 1),
	(2375, 154, 'NI', 'MN', 'Managua', 1),
	(2376, 154, 'NI', 'MS', 'Masaya', 1),
	(2377, 154, 'NI', 'MT', 'Matagalpa', 1),
	(2378, 154, 'NI', 'NS', 'Nuevo Segovia', 1),
	(2379, 154, 'NI', 'RS', 'Rio San Juan', 1),
	(2380, 154, 'NI', 'RI', 'Rivas', 1),
	(2381, 155, 'NE', 'AG', 'Agadez', 1),
	(2382, 155, 'NE', 'DF', 'Diffa', 1),
	(2383, 155, 'NE', 'DS', 'Dosso', 1),
	(2384, 155, 'NE', 'MA', 'Maradi', 1),
	(2385, 155, 'NE', 'NM', 'Niamey', 1),
	(2386, 155, 'NE', 'TH', 'Tahoua', 1),
	(2387, 155, 'NE', 'TL', 'Tillaberi', 1),
	(2388, 155, 'NE', 'ZD', 'Zinder', 1),
	(2389, 156, 'NG', 'AB', 'Abia', 1),
	(2390, 156, 'NG', 'CT', 'Abuja Federal Capital Territory', 1),
	(2391, 156, 'NG', 'AD', 'Adamawa', 1),
	(2392, 156, 'NG', 'AK', 'Akwa Ibom', 1),
	(2393, 156, 'NG', 'AN', 'Anambra', 1),
	(2394, 156, 'NG', 'BC', 'Bauchi', 1),
	(2395, 156, 'NG', 'BY', 'Bayelsa', 1),
	(2396, 156, 'NG', 'BN', 'Benue', 1),
	(2397, 156, 'NG', 'BO', 'Borno', 1),
	(2398, 156, 'NG', 'CR', 'Cross River', 1),
	(2399, 156, 'NG', 'DE', 'Delta', 1),
	(2400, 156, 'NG', 'EB', 'Ebonyi', 1),
	(2401, 156, 'NG', 'ED', 'Edo', 1),
	(2402, 156, 'NG', 'EK', 'Ekiti', 1),
	(2403, 156, 'NG', 'EN', 'Enugu', 1),
	(2404, 156, 'NG', 'GO', 'Gombe', 1),
	(2405, 156, 'NG', 'IM', 'Imo', 1),
	(2406, 156, 'NG', 'JI', 'Jigawa', 1),
	(2407, 156, 'NG', 'KD', 'Kaduna', 1),
	(2408, 156, 'NG', 'KN', 'Kano', 1),
	(2409, 156, 'NG', 'KT', 'Katsina', 1),
	(2410, 156, 'NG', 'KE', 'Kebbi', 1),
	(2411, 156, 'NG', 'KO', 'Kogi', 1),
	(2412, 156, 'NG', 'KW', 'Kwara', 1),
	(2413, 156, 'NG', 'LA', 'Lagos', 1),
	(2414, 156, 'NG', 'NA', 'Nassarawa', 1),
	(2415, 156, 'NG', 'NI', 'Niger', 1),
	(2416, 156, 'NG', 'OG', 'Ogun', 1),
	(2417, 156, 'NG', 'ONG', 'Ondo', 1),
	(2418, 156, 'NG', 'OS', 'Osun', 1),
	(2419, 156, 'NG', 'OY', 'Oyo', 1),
	(2420, 156, 'NG', 'PL', 'Plateau', 1),
	(2421, 156, 'NG', 'RI', 'Rivers', 1),
	(2422, 156, 'NG', 'SO', 'Sokoto', 1),
	(2423, 156, 'NG', 'TA', 'Taraba', 1),
	(2424, 156, 'NG', 'YO', 'Yobe', 1),
	(2425, 156, 'NG', 'ZA', 'Zamfara', 1),
	(2426, 159, 'MP', 'N', 'Northern Islands', 1),
	(2427, 159, 'MP', 'R', 'Rota', 1),
	(2428, 159, 'MP', 'S', 'Saipan', 1),
	(2429, 159, 'MP', 'T', 'Tinian', 1),
	(2430, 160, 'NO', 'AK', 'Akershus', 1),
	(2431, 160, 'NO', 'AA', 'Aust-Agder', 1),
	(2432, 160, 'NO', 'BU', 'Buskerud', 1),
	(2433, 160, 'NO', 'FM', 'Finnmark', 1),
	(2434, 160, 'NO', 'HM', 'Hedmark', 1),
	(2435, 160, 'NO', 'HL', 'Hordaland', 1),
	(2436, 160, 'NO', 'MR', 'More og Romdal', 1),
	(2437, 160, 'NO', 'NT', 'Nord-Trondelag', 1),
	(2438, 160, 'NO', 'NL', 'Nordland', 1),
	(2439, 160, 'NO', 'OF', 'Ostfold', 1),
	(2440, 160, 'NO', 'OP', 'Oppland', 1),
	(2441, 160, 'NO', 'OL', 'Oslo', 1),
	(2442, 160, 'NO', 'RL', 'Rogaland', 1),
	(2443, 160, 'NO', 'ST', 'Sor-Trondelag', 1),
	(2444, 160, 'NO', 'SJ', 'Sogn og Fjordane', 1),
	(2445, 160, 'NO', 'SV', 'Svalbard', 1),
	(2446, 160, 'NO', 'TM', 'Telemark', 1),
	(2447, 160, 'NO', 'TR', 'Troms', 1),
	(2448, 160, 'NO', 'VA', 'Vest-Agder', 1),
	(2449, 160, 'NO', 'VF', 'Vestfold', 1),
	(2450, 161, 'OM', 'DA', 'Ad Dakhiliyah', 1),
	(2451, 161, 'OM', 'BA', 'Al Batinah', 1),
	(2452, 161, 'OM', 'WU', 'Al Wusta', 1),
	(2453, 161, 'OM', 'SH', 'Ash Sharqiyah', 1),
	(2454, 161, 'OM', 'ZA', 'Az Zahirah', 1),
	(2455, 161, 'OM', 'MA', 'Masqat', 1),
	(2456, 161, 'OM', 'MU', 'Musandam', 1),
	(2457, 161, 'OM', 'ZU', 'Zufar', 1),
	(2458, 162, 'PK', 'B', 'Balochistan', 1),
	(2459, 162, 'PK', 'T', 'Federally Administered Tribal Ar', 1),
	(2460, 162, 'PK', 'I', 'Islamabad Capital Territory', 1),
	(2461, 162, 'PK', 'N', 'North-West Frontier', 1),
	(2462, 162, 'PK', 'P', 'Punjab', 1),
	(2463, 162, 'PK', 'S', 'Sindh', 1),
	(2464, 163, 'PW', 'AM', 'Aimeliik', 1),
	(2465, 163, 'PW', 'AR', 'Airai', 1),
	(2466, 163, 'PW', 'AN', 'Angaur', 1),
	(2467, 163, 'PW', 'HA', 'Hatohobei', 1),
	(2468, 163, 'PW', 'KA', 'Kayangel', 1),
	(2469, 163, 'PW', 'KO', 'Koror', 1),
	(2470, 163, 'PW', 'ME', 'Melekeok', 1),
	(2471, 163, 'PW', 'NA', 'Ngaraard', 1),
	(2472, 163, 'PW', 'NG', 'Ngarchelong', 1),
	(2473, 163, 'PW', 'ND', 'Ngardmau', 1),
	(2474, 163, 'PW', 'NT', 'Ngatpang', 1),
	(2475, 163, 'PW', 'NC', 'Ngchesar', 1),
	(2476, 163, 'PW', 'NR', 'Ngeremlengui', 1),
	(2477, 163, 'PW', 'NW', 'Ngiwal', 1),
	(2478, 163, 'PW', 'PE', 'Peleliu', 1),
	(2479, 163, 'PW', 'SO', 'Sonsorol', 1),
	(2480, 164, 'PA', 'BT', 'Bocas del Toro', 1),
	(2481, 164, 'PA', 'CH', 'Chiriqui', 1),
	(2482, 164, 'PA', 'CC', 'Cocle', 1),
	(2483, 164, 'PA', 'CL', 'Colon', 1),
	(2484, 164, 'PA', 'DA', 'Darien', 1),
	(2485, 164, 'PA', 'HE', 'Herrera', 1),
	(2486, 164, 'PA', 'LS', 'Los Santos', 1),
	(2487, 164, 'PA', 'PA', 'Panama', 1),
	(2488, 164, 'PA', 'SB', 'San Blas', 1),
	(2489, 164, 'PA', 'VG', 'Veraguas', 1),
	(2490, 165, 'PG', 'BV', 'Bougainville', 1),
	(2491, 165, 'PG', 'CE', 'Central', 1),
	(2492, 165, 'PG', 'CH', 'Chimbu', 1),
	(2493, 165, 'PG', 'EH', 'Eastern Highlands', 1),
	(2494, 165, 'PG', 'EB', 'East New Britain', 1),
	(2495, 165, 'PG', 'ES', 'East Sepik', 1),
	(2496, 165, 'PG', 'EN', 'Enga', 1),
	(2497, 165, 'PG', 'GU', 'Gulf', 1),
	(2498, 165, 'PG', 'MD', 'Madang', 1),
	(2499, 165, 'PG', 'MN', 'Manus', 1),
	(2500, 165, 'PG', 'MB', 'Milne Bay', 1),
	(2501, 165, 'PG', 'MR', 'Morobe', 1),
	(2502, 165, 'PG', 'NC', 'National Capital', 1),
	(2503, 165, 'PG', 'NI', 'New Ireland', 1),
	(2504, 165, 'PG', 'NO', 'Northern', 1),
	(2505, 165, 'PG', 'SA', 'Sandaun', 1),
	(2506, 165, 'PG', 'SH', 'Southern Highlands', 1),
	(2507, 165, 'PG', 'WE', 'Western', 1),
	(2508, 165, 'PG', 'WH', 'Western Highlands', 1),
	(2509, 165, 'PG', 'WB', 'West New Britain', 1),
	(2510, 166, 'PY', 'AG', 'Alto Paraguay', 1),
	(2511, 166, 'PY', 'AN', 'Alto Parana', 1),
	(2512, 166, 'PY', 'AM', 'Amambay', 1),
	(2513, 166, 'PY', 'AS', 'Asuncion', 1),
	(2514, 166, 'PY', 'BO', 'Boqueron', 1),
	(2515, 166, 'PY', 'CG', 'Caaguazu', 1),
	(2516, 166, 'PY', 'CZ', 'Caazapa', 1),
	(2517, 166, 'PY', 'CN', 'Canindeyu', 1),
	(2518, 166, 'PY', 'CE', 'Central', 1),
	(2519, 166, 'PY', 'CC', 'Concepcion', 1),
	(2520, 166, 'PY', 'CD', 'Cordillera', 1),
	(2521, 166, 'PY', 'GU', 'Guaira', 1),
	(2522, 166, 'PY', 'IT', 'Itapua', 1),
	(2523, 166, 'PY', 'MI', 'Misiones', 1),
	(2524, 166, 'PY', 'NE', 'Neembucu', 1),
	(2525, 166, 'PY', 'PA', 'Paraguari', 1),
	(2526, 166, 'PY', 'PH', 'Presidente Hayes', 1),
	(2527, 166, 'PY', 'SP', 'San Pedro', 1),
	(2528, 167, 'PE', 'AM', 'Amazonas', 1),
	(2529, 167, 'PE', 'AN', 'Ancash', 1),
	(2530, 167, 'PE', 'AP', 'Apurimac', 1),
	(2531, 167, 'PE', 'AR', 'Arequipa', 1),
	(2532, 167, 'PE', 'AY', 'Ayacucho', 1),
	(2533, 167, 'PE', 'CJ', 'Cajamarca', 1),
	(2534, 167, 'PE', 'CL', 'Callao', 1),
	(2535, 167, 'PE', 'CU', 'Cusco', 1),
	(2536, 167, 'PE', 'HV', 'Huancavelica', 1),
	(2537, 167, 'PE', 'HO', 'Huanuco', 1),
	(2538, 167, 'PE', 'IC', 'Ica', 1),
	(2539, 167, 'PE', 'JU', 'Junin', 1),
	(2540, 167, 'PE', 'LD', 'La Libertad', 1),
	(2541, 167, 'PE', 'LY', 'Lambayeque', 1),
	(2542, 167, 'PE', 'LI', 'Lima', 1),
	(2543, 167, 'PE', 'LO', 'Loreto', 1),
	(2544, 167, 'PE', 'MD', 'Madre de Dios', 1),
	(2545, 167, 'PE', 'MO', 'Moquegua', 1),
	(2546, 167, 'PE', 'PA', 'Pasco', 1),
	(2547, 167, 'PE', 'PI', 'Piura', 1),
	(2548, 167, 'PE', 'PU', 'Puno', 1),
	(2549, 167, 'PE', 'SM', 'San Martin', 1),
	(2550, 167, 'PE', 'TA', 'Tacna', 1),
	(2551, 167, 'PE', 'TU', 'Tumbes', 1),
	(2552, 167, 'PE', 'UC', 'Ucayali', 1),
	(2553, 168, 'PH', 'ABR', 'Abra', 1),
	(2554, 168, 'PH', 'ANO', 'Agusan del Norte', 1),
	(2555, 168, 'PH', 'ASU', 'Agusan del Sur', 1),
	(2556, 168, 'PH', 'AKL', 'Aklan', 1),
	(2557, 168, 'PH', 'ALB', 'Albay', 1),
	(2558, 168, 'PH', 'ANT', 'Antique', 1),
	(2559, 168, 'PH', 'APY', 'Apayao', 1),
	(2560, 168, 'PH', 'AUR', 'Aurora', 1),
	(2561, 168, 'PH', 'BAS', 'Basilan', 1),
	(2562, 168, 'PH', 'BTA', 'Bataan', 1),
	(2563, 168, 'PH', 'BTE', 'Batanes', 1),
	(2564, 168, 'PH', 'BTG', 'Batangas', 1),
	(2565, 168, 'PH', 'BLR', 'Biliran', 1),
	(2566, 168, 'PH', 'BEN', 'Benguet', 1),
	(2567, 168, 'PH', 'BOL', 'Bohol', 1),
	(2568, 168, 'PH', 'BUK', 'Bukidnon', 1),
	(2569, 168, 'PH', 'BUL', 'Bulacan', 1),
	(2570, 168, 'PH', 'CAG', 'Cagayan', 1),
	(2571, 168, 'PH', 'CNO', 'Camarines Norte', 1),
	(2572, 168, 'PH', 'CSU', 'Camarines Sur', 1),
	(2573, 168, 'PH', 'CAM', 'Camiguin', 1),
	(2574, 168, 'PH', 'CAP', 'Capiz', 1),
	(2575, 168, 'PH', 'CAT', 'Catanduanes', 1),
	(2576, 168, 'PH', 'CAV', 'Cavite', 1),
	(2577, 168, 'PH', 'CEB', 'Cebu', 1),
	(2578, 168, 'PH', 'CMP', 'Compostela', 1),
	(2579, 168, 'PH', 'DNO', 'Davao del Norte', 1),
	(2580, 168, 'PH', 'DSU', 'Davao del Sur', 1),
	(2581, 168, 'PH', 'DOR', 'Davao Oriental', 1),
	(2582, 168, 'PH', 'ESA', 'Eastern Samar', 1),
	(2583, 168, 'PH', 'GUI', 'Guimaras', 1),
	(2584, 168, 'PH', 'IFU', 'Ifugao', 1),
	(2585, 168, 'PH', 'INO', 'Ilocos Norte', 1),
	(2586, 168, 'PH', 'ISU', 'Ilocos Sur', 1),
	(2587, 168, 'PH', 'ILO', 'Iloilo', 1),
	(2588, 168, 'PH', 'ISA', 'Isabela', 1),
	(2589, 168, 'PH', 'KAL', 'Kalinga', 1),
	(2590, 168, 'PH', 'LAG', 'Laguna', 1),
	(2591, 168, 'PH', 'LNO', 'Lanao del Norte', 1),
	(2592, 168, 'PH', 'LSU', 'Lanao del Sur', 1),
	(2593, 168, 'PH', 'UNI', 'La Union', 1),
	(2594, 168, 'PH', 'LEY', 'Leyte', 1),
	(2595, 168, 'PH', 'MAG', 'Maguindanao', 1),
	(2596, 168, 'PH', 'MRN', 'Marinduque', 1),
	(2597, 168, 'PH', 'MSB', 'Masbate', 1),
	(2598, 168, 'PH', 'MIC', 'Mindoro Occidental', 1),
	(2599, 168, 'PH', 'MIR', 'Mindoro Oriental', 1),
	(2600, 168, 'PH', 'MSC', 'Misamis Occidental', 1),
	(2601, 168, 'PH', 'MOR', 'Misamis Oriental', 1),
	(2602, 168, 'PH', 'MOP', 'Mountain', 1),
	(2603, 168, 'PH', 'NOC', 'Negros Occidental', 1),
	(2604, 168, 'PH', 'NOR', 'Negros Oriental', 1),
	(2605, 168, 'PH', 'NCT', 'North Cotabato', 1),
	(2606, 168, 'PH', 'NSM', 'Northern Samar', 1),
	(2607, 168, 'PH', 'NEC', 'Nueva Ecija', 1),
	(2608, 168, 'PH', 'NVZ', 'Nueva Vizcaya', 1),
	(2609, 168, 'PH', 'PLW', 'Palawan', 1),
	(2610, 168, 'PH', 'PMP', 'Pampanga', 1),
	(2611, 168, 'PH', 'PNG', 'Pangasinan', 1),
	(2612, 168, 'PH', 'QZN', 'Quezon', 1),
	(2613, 168, 'PH', 'QRN', 'Quirino', 1),
	(2614, 168, 'PH', 'RIZ', 'Rizal', 1),
	(2615, 168, 'PH', 'ROM', 'Romblon', 1),
	(2616, 168, 'PH', 'SMR', 'Samar', 1),
	(2617, 168, 'PH', 'SRG', 'Sarangani', 1),
	(2618, 168, 'PH', 'SQJ', 'Siquijor', 1),
	(2619, 168, 'PH', 'SRS', 'Sorsogon', 1),
	(2620, 168, 'PH', 'SCO', 'South Cotabato', 1),
	(2621, 168, 'PH', 'SLE', 'Southern Leyte', 1),
	(2622, 168, 'PH', 'SKU', 'Sultan Kudarat', 1),
	(2623, 168, 'PH', 'SLU', 'Sulu', 1),
	(2624, 168, 'PH', 'SNO', 'Surigao del Norte', 1),
	(2625, 168, 'PH', 'SSU', 'Surigao del Sur', 1),
	(2626, 168, 'PH', 'TAR', 'Tarlac', 1),
	(2627, 168, 'PH', 'TAW', 'Tawi-Tawi', 1),
	(2628, 168, 'PH', 'ZBL', 'Zambales', 1),
	(2629, 168, 'PH', 'ZNO', 'Zamboanga del Norte', 1),
	(2630, 168, 'PH', 'ZSU', 'Zamboanga del Sur', 1),
	(2631, 168, 'PH', 'ZSI', 'Zamboanga Sibugay', 1),
	(2632, 170, 'PL', 'DO', 'Dolnoslaskie', 1),
	(2633, 170, 'PL', 'KP', 'Kujawsko-Pomorskie', 1),
	(2634, 170, 'PL', 'LO', 'Lodzkie', 1),
	(2635, 170, 'PL', 'LL', 'Lubelskie', 1),
	(2636, 170, 'PL', 'LU', 'Lubuskie', 1),
	(2637, 170, 'PL', 'ML', 'Malopolskie', 1),
	(2638, 170, 'PL', 'MZ', 'Mazowieckie', 1),
	(2639, 170, 'PL', 'OP', 'Opolskie', 1),
	(2640, 170, 'PL', 'PP', 'Podkarpackie', 1),
	(2641, 170, 'PL', 'PL', 'Podlaskie', 1),
	(2642, 170, 'PL', 'PM', 'Pomorskie', 1),
	(2643, 170, 'PL', 'SL', 'Slaskie', 1),
	(2644, 170, 'PL', 'SW', 'Swietokrzyskie', 1),
	(2645, 170, 'PL', 'WM', 'Warminsko-Mazurskie', 1),
	(2646, 170, 'PL', 'WP', 'Wielkopolskie', 1),
	(2647, 170, 'PL', 'ZA', 'Zachodniopomorskie', 1),
	(2648, 198, 'PM', 'P', 'Saint Pierre', 1),
	(2649, 198, 'PM', 'M', 'Miquelon', 1),
	(2650, 171, 'PT', 'AC', 'A&ccedil;ores', 1),
	(2651, 171, 'PT', 'AV', 'Aveiro', 1),
	(2652, 171, 'PT', 'BE', 'Beja', 1),
	(2653, 171, 'PT', 'BR', 'Braga', 1),
	(2654, 171, 'PT', 'BA', 'Bragan&ccedil;a', 1),
	(2655, 171, 'PT', 'CB', 'Castelo Branco', 1),
	(2656, 171, 'PT', 'CO', 'Coimbra', 1),
	(2657, 171, 'PT', 'EV', '&Eacute;vora', 1),
	(2658, 171, 'PT', 'FA', 'Faro', 1),
	(2659, 171, 'PT', 'GU', 'Guarda', 1),
	(2660, 171, 'PT', 'LE', 'Leiria', 1),
	(2661, 171, 'PT', 'LI', 'Lisboa', 1),
	(2662, 171, 'PT', 'ME', 'Madeira', 1),
	(2663, 171, 'PT', 'PO', 'Portalegre', 1),
	(2664, 171, 'PT', 'PR', 'Porto', 1),
	(2665, 171, 'PT', 'SA', 'Santar&eacute;m', 1),
	(2666, 171, 'PT', 'SE', 'Set&uacute;bal', 1),
	(2667, 171, 'PT', 'VC', 'Viana do Castelo', 1),
	(2668, 171, 'PT', 'VR', 'Vila Real', 1),
	(2669, 171, 'PT', 'VI', 'Viseu', 1),
	(2670, 173, 'QA', 'DW', 'Ad Dawhah', 1),
	(2671, 173, 'QA', 'GW', 'Al Ghuwayriyah', 1),
	(2672, 173, 'QA', 'JM', 'Al Jumayliyah', 1),
	(2673, 173, 'QA', 'KR', 'Al Khawr', 1),
	(2674, 173, 'QA', 'WK', 'Al Wakrah', 1),
	(2675, 173, 'QA', 'RN', 'Ar Rayyan', 1),
	(2676, 173, 'QA', 'JB', 'Jarayan al Batinah', 1),
	(2677, 173, 'QA', 'MS', 'Madinat ash Shamal', 1),
	(2678, 173, 'QA', 'UD', 'Umm Sa\'id', 1),
	(2679, 173, 'QA', 'UL', 'Umm Salal', 1),
	(2680, 175, 'RO', 'AB', 'Alba', 1),
	(2681, 175, 'RO', 'AR', 'Arad', 1),
	(2682, 175, 'RO', 'AG', 'Arges', 1),
	(2683, 175, 'RO', 'BC', 'Bacau', 1),
	(2684, 175, 'RO', 'BH', 'Bihor', 1),
	(2685, 175, 'RO', 'BN', 'Bistrita-Nasaud', 1),
	(2686, 175, 'RO', 'BT', 'Botosani', 1),
	(2687, 175, 'RO', 'BV', 'Brasov', 1),
	(2688, 175, 'RO', 'BR', 'Braila', 1),
	(2689, 175, 'RO', 'B', 'Bucuresti', 1),
	(2690, 175, 'RO', 'BZ', 'Buzau', 1),
	(2691, 175, 'RO', 'CS', 'Caras-Severin', 1),
	(2692, 175, 'RO', 'CL', 'Calarasi', 1),
	(2693, 175, 'RO', 'CJ', 'Cluj', 1),
	(2694, 175, 'RO', 'CT', 'Constanta', 1),
	(2695, 175, 'RO', 'CV', 'Covasna', 1),
	(2696, 175, 'RO', 'DB', 'Dimbovita', 1),
	(2697, 175, 'RO', 'DJ', 'Dolj', 1),
	(2698, 175, 'RO', 'GL', 'Galati', 1),
	(2699, 175, 'RO', 'GR', 'Giurgiu', 1),
	(2700, 175, 'RO', 'GJ', 'Gorj', 1),
	(2701, 175, 'RO', 'HR', 'Harghita', 1),
	(2702, 175, 'RO', 'HD', 'Hunedoara', 1),
	(2703, 175, 'RO', 'IL', 'Ialomita', 1),
	(2704, 175, 'RO', 'IS', 'Iasi', 1),
	(2705, 175, 'RO', 'IF', 'Ilfov', 1),
	(2706, 175, 'RO', 'MM', 'Maramures', 1),
	(2707, 175, 'RO', 'MH', 'Mehedinti', 1),
	(2708, 175, 'RO', 'MS', 'Mures', 1),
	(2709, 175, 'RO', 'NT', 'Neamt', 1),
	(2710, 175, 'RO', 'OT', 'Olt', 1),
	(2711, 175, 'RO', 'PH', 'Prahova', 1),
	(2712, 175, 'RO', 'SM', 'Satu-Mare', 1),
	(2713, 175, 'RO', 'SJ', 'Salaj', 1),
	(2714, 175, 'RO', 'SB', 'Sibiu', 1),
	(2715, 175, 'RO', 'SV', 'Suceava', 1),
	(2716, 175, 'RO', 'TR', 'Teleorman', 1),
	(2717, 175, 'RO', 'TM', 'Timis', 1),
	(2718, 175, 'RO', 'TL', 'Tulcea', 1),
	(2719, 175, 'RO', 'VS', 'Vaslui', 1),
	(2720, 175, 'RO', 'VL', 'Valcea', 1),
	(2721, 175, 'RO', 'VN', 'Vrancea', 1),
	(2722, 176, 'RU', 'AB', 'Abakan', 1),
	(2723, 176, 'RU', 'AG', 'Aginskoye', 1),
	(2724, 176, 'RU', 'AN', 'Anadyr', 1),
	(2725, 176, 'RU', 'AR', 'Arkahangelsk', 1),
	(2726, 176, 'RU', 'AS', 'Astrakhan', 1),
	(2727, 176, 'RU', 'BA', 'Barnaul', 1),
	(2728, 176, 'RU', 'BE', 'Belgorod', 1),
	(2729, 176, 'RU', 'BI', 'Birobidzhan', 1),
	(2730, 176, 'RU', 'BL', 'Blagoveshchensk', 1),
	(2731, 176, 'RU', 'BR', 'Bryansk', 1),
	(2732, 176, 'RU', 'CH', 'Cheboksary', 1),
	(2733, 176, 'RU', 'CL', 'Chelyabinsk', 1),
	(2734, 176, 'RU', 'CR', 'Cherkessk', 1),
	(2735, 176, 'RU', 'CI', 'Chita', 1),
	(2736, 176, 'RU', 'DU', 'Dudinka', 1),
	(2737, 176, 'RU', 'EL', 'Elista', 1),
	(2738, 176, 'RU', 'GO', 'Gomo-Altaysk', 1),
	(2739, 176, 'RU', 'GA', 'Gorno-Altaysk', 1),
	(2740, 176, 'RU', 'GR', 'Groznyy', 1),
	(2741, 176, 'RU', 'IR', 'Irkutsk', 1),
	(2742, 176, 'RU', 'IV', 'Ivanovo', 1),
	(2743, 176, 'RU', 'IZ', 'Izhevsk', 1),
	(2744, 176, 'RU', 'KA', 'Kalinigrad', 1),
	(2745, 176, 'RU', 'KL', 'Kaluga', 1),
	(2746, 176, 'RU', 'KS', 'Kasnodar', 1),
	(2747, 176, 'RU', 'KZ', 'Kazan', 1),
	(2748, 176, 'RU', 'KE', 'Kemerovo', 1),
	(2749, 176, 'RU', 'KH', 'Khabarovsk', 1),
	(2750, 176, 'RU', 'KM', 'Khanty-Mansiysk', 1),
	(2751, 176, 'RU', 'KO', 'Kostroma', 1),
	(2752, 176, 'RU', 'KR', 'Krasnodar', 1),
	(2753, 176, 'RU', 'KN', 'Krasnoyarsk', 1),
	(2754, 176, 'RU', 'KU', 'Kudymkar', 1),
	(2755, 176, 'RU', 'KG', 'Kurgan', 1),
	(2756, 176, 'RU', 'KK', 'Kursk', 1),
	(2757, 176, 'RU', 'KY', 'Kyzyl', 1),
	(2758, 176, 'RU', 'LI', 'Lipetsk', 1),
	(2759, 176, 'RU', 'MA', 'Magadan', 1),
	(2760, 176, 'RU', 'MK', 'Makhachkala', 1),
	(2761, 176, 'RU', 'MY', 'Maykop', 1),
	(2762, 176, 'RU', 'MO', 'Moscow', 1),
	(2763, 176, 'RU', 'MU', 'Murmansk', 1),
	(2764, 176, 'RU', 'NA', 'Nalchik', 1),
	(2765, 176, 'RU', 'NR', 'Naryan Mar', 1),
	(2766, 176, 'RU', 'NZ', 'Nazran', 1),
	(2767, 176, 'RU', 'NI', 'Nizhniy Novgorod', 1),
	(2768, 176, 'RU', 'NO', 'Novgorod', 1),
	(2769, 176, 'RU', 'NV', 'Novosibirsk', 1),
	(2770, 176, 'RU', 'OM', 'Omsk', 1),
	(2771, 176, 'RU', 'OR', 'Orel', 1),
	(2772, 176, 'RU', 'OE', 'Orenburg', 1),
	(2773, 176, 'RU', 'PA', 'Palana', 1),
	(2774, 176, 'RU', 'PE', 'Penza', 1),
	(2775, 176, 'RU', 'PR', 'Perm', 1),
	(2776, 176, 'RU', 'PK', 'Petropavlovsk-Kamchatskiy', 1),
	(2777, 176, 'RU', 'PT', 'Petrozavodsk', 1),
	(2778, 176, 'RU', 'PS', 'Pskov', 1),
	(2779, 176, 'RU', 'RO', 'Rostov-na-Donu', 1),
	(2780, 176, 'RU', 'RY', 'Ryazan', 1),
	(2781, 176, 'RU', 'SL', 'Salekhard', 1),
	(2782, 176, 'RU', 'SA', 'Samara', 1),
	(2783, 176, 'RU', 'SR', 'Saransk', 1),
	(2784, 176, 'RU', 'SV', 'Saratov', 1),
	(2785, 176, 'RU', 'SM', 'Smolensk', 1),
	(2786, 176, 'RU', 'SP', 'St. Petersburg', 1),
	(2787, 176, 'RU', 'ST', 'Stavropol', 1),
	(2788, 176, 'RU', 'SY', 'Syktyvkar', 1),
	(2789, 176, 'RU', 'TA', 'Tambov', 1),
	(2790, 176, 'RU', 'TO', 'Tomsk', 1),
	(2791, 176, 'RU', 'TU', 'Tula', 1),
	(2792, 176, 'RU', 'TR', 'Tura', 1),
	(2793, 176, 'RU', 'TV', 'Tver', 1),
	(2794, 176, 'RU', 'TY', 'Tyumen', 1),
	(2795, 176, 'RU', 'UF', 'Ufa', 1),
	(2796, 176, 'RU', 'UL', 'Ul\'yanovsk', 1),
	(2797, 176, 'RU', 'UU', 'Ulan-Ude', 1),
	(2798, 176, 'RU', 'US', 'Ust\'-Ordynskiy', 1),
	(2799, 176, 'RU', 'VL', 'Vladikavkaz', 1),
	(2800, 176, 'RU', 'VA', 'Vladimir', 1),
	(2801, 176, 'RU', 'VV', 'Vladivostok', 1),
	(2802, 176, 'RU', 'VG', 'Volgograd', 1),
	(2803, 176, 'RU', 'VD', 'Vologda', 1),
	(2804, 176, 'RU', 'VO', 'Voronezh', 1),
	(2805, 176, 'RU', 'VY', 'Vyatka', 1),
	(2806, 176, 'RU', 'YA', 'Yakutsk', 1),
	(2807, 176, 'RU', 'YR', 'Yaroslavl', 1),
	(2808, 176, 'RU', 'YE', 'Yekaterinburg', 1),
	(2809, 176, 'RU', 'YO', 'Yoshkar-Ola', 1),
	(2810, 177, 'RW', 'BU', 'Butare', 1),
	(2811, 177, 'RW', 'BY', 'Byumba', 1),
	(2812, 177, 'RW', 'CY', 'Cyangugu', 1),
	(2813, 177, 'RW', 'GK', 'Gikongoro', 1),
	(2814, 177, 'RW', 'GS', 'Gisenyi', 1),
	(2815, 177, 'RW', 'GT', 'Gitarama', 1),
	(2816, 177, 'RW', 'KG', 'Kibungo', 1),
	(2817, 177, 'RW', 'KY', 'Kibuye', 1),
	(2818, 177, 'RW', 'KR', 'Kigali Rurale', 1),
	(2819, 177, 'RW', 'KV', 'Kigali-ville', 1),
	(2820, 177, 'RW', 'RU', 'Ruhengeri', 1),
	(2821, 177, 'RW', 'UM', 'Umutara', 1),
	(2822, 178, 'KN', 'CCN', 'Christ Church Nichola Town', 1),
	(2823, 178, 'KN', 'SAS', 'Saint Anne Sandy Point', 1),
	(2824, 178, 'KN', 'SGB', 'Saint George Basseterre', 1),
	(2825, 178, 'KN', 'SGG', 'Saint George Gingerland', 1),
	(2826, 178, 'KN', 'SJW', 'Saint James Windward', 1),
	(2827, 178, 'KN', 'SJC', 'Saint John Capesterre', 1),
	(2828, 178, 'KN', 'SJF', 'Saint John Figtree', 1),
	(2829, 178, 'KN', 'SMC', 'Saint Mary Cayon', 1),
	(2830, 178, 'KN', 'CAP', 'Saint Paul Capesterre', 1),
	(2831, 178, 'KN', 'CHA', 'Saint Paul Charlestown', 1),
	(2832, 178, 'KN', 'SPB', 'Saint Peter Basseterre', 1),
	(2833, 178, 'KN', 'STL', 'Saint Thomas Lowland', 1),
	(2834, 178, 'KN', 'STM', 'Saint Thomas Middle Island', 1),
	(2835, 178, 'KN', 'TPP', 'Trinity Palmetto Point', 1),
	(2836, 179, 'LC', 'AR', 'Anse-la-Raye', 1),
	(2837, 179, 'LC', 'CA', 'Castries', 1),
	(2838, 179, 'LC', 'CH', 'Choiseul', 1),
	(2839, 179, 'LC', 'DA', 'Dauphin', 1),
	(2840, 179, 'LC', 'DE', 'Dennery', 1),
	(2841, 179, 'LC', 'GI', 'Gros-Islet', 1),
	(2842, 179, 'LC', 'LA', 'Laborie', 1),
	(2843, 179, 'LC', 'MI', 'Micoud', 1),
	(2844, 179, 'LC', 'PR', 'Praslin', 1),
	(2845, 179, 'LC', 'SO', 'Soufriere', 1),
	(2846, 179, 'LC', 'VF', 'Vieux-Fort', 1),
	(2847, 180, 'VC', 'C', 'Charlotte', 1),
	(2848, 180, 'VC', 'R', 'Grenadines', 1),
	(2849, 180, 'VC', 'A', 'Saint Andrew', 1),
	(2850, 180, 'VC', 'D', 'Saint David', 1),
	(2851, 180, 'VC', 'G', 'Saint George', 1),
	(2852, 180, 'VC', 'P', 'Saint Patrick', 1),
	(2853, 181, 'WS', 'AN', 'A\'ana', 1),
	(2854, 181, 'WS', 'AI', 'Aiga-i-le-Tai', 1),
	(2855, 181, 'WS', 'AT', 'Atua', 1),
	(2856, 181, 'WS', 'FA', 'Fa\'asaleleaga', 1),
	(2857, 181, 'WS', 'GE', 'Gaga\'emauga', 1),
	(2858, 181, 'WS', 'GF', 'Gagaifomauga', 1),
	(2859, 181, 'WS', 'PA', 'Palauli', 1),
	(2860, 181, 'WS', 'SA', 'Satupa\'itea', 1),
	(2861, 181, 'WS', 'TU', 'Tuamasaga', 1),
	(2862, 181, 'WS', 'VF', 'Va\'a-o-Fonoti', 1),
	(2863, 181, 'WS', 'VS', 'Vaisigano', 1),
	(2864, 182, 'SM', 'AC', 'Acquaviva', 1),
	(2865, 182, 'SM', 'BM', 'Borgo Maggiore', 1),
	(2866, 182, 'SM', 'CH', 'Chiesanuova', 1),
	(2867, 182, 'SM', 'DO', 'Domagnano', 1),
	(2868, 182, 'SM', 'FA', 'Faetano', 1),
	(2869, 182, 'SM', 'FI', 'Fiorentino', 1),
	(2870, 182, 'SM', 'MO', 'Montegiardino', 1),
	(2871, 182, 'SM', 'SM', 'Citta di San Marino', 1),
	(2872, 182, 'SM', 'SE', 'Serravalle', 1),
	(2873, 183, 'ST', 'S', 'Sao Tome', 1),
	(2874, 183, 'ST', 'P', 'Principe', 1),
	(2875, 184, 'SA', 'BH', 'Al Bahah', 1),
	(2876, 184, 'SA', 'HS', 'Al Hudud ash Shamaliyah', 1),
	(2877, 184, 'SA', 'JF', 'Al Jawf', 1),
	(2878, 184, 'SA', 'MD', 'Al Madinah', 1),
	(2879, 184, 'SA', 'QS', 'Al Qasim', 1),
	(2880, 184, 'SA', 'RD', 'Ar Riyad', 1),
	(2881, 184, 'SA', 'AQ', 'Ash Sharqiyah (Eastern)', 1),
	(2882, 184, 'SA', 'AS', '\'Asir', 1),
	(2883, 184, 'SA', 'HL', 'Ha\'il', 1),
	(2884, 184, 'SA', 'JZ', 'Jizan', 1),
	(2885, 184, 'SA', 'ML', 'Makkah', 1),
	(2886, 184, 'SA', 'NR', 'Najran', 1),
	(2887, 184, 'SA', 'TB', 'Tabuk', 1),
	(2888, 185, 'SN', 'DA', 'Dakar', 1),
	(2889, 185, 'SN', 'DI', 'Diourbel', 1),
	(2890, 185, 'SN', 'FA', 'Fatick', 1),
	(2891, 185, 'SN', 'KA', 'Kaolack', 1),
	(2892, 185, 'SN', 'KO', 'Kolda', 1),
	(2893, 185, 'SN', 'LO', 'Louga', 1),
	(2894, 185, 'SN', 'MA', 'Matam', 1),
	(2895, 185, 'SN', 'SL', 'Saint-Louis', 1),
	(2896, 185, 'SN', 'TA', 'Tambacounda', 1),
	(2897, 185, 'SN', 'TH', 'Thies', 1),
	(2898, 185, 'SN', 'ZI', 'Ziguinchor', 1),
	(2899, 186, 'SC', 'AP', 'Anse aux Pins', 1),
	(2900, 186, 'SC', 'AB', 'Anse Boileau', 1),
	(2901, 186, 'SC', 'AE', 'Anse Etoile', 1),
	(2902, 186, 'SC', 'AL', 'Anse Louis', 1),
	(2903, 186, 'SC', 'AR', 'Anse Royale', 1),
	(2904, 186, 'SC', 'BL', 'Baie Lazare', 1),
	(2905, 186, 'SC', 'BS', 'Baie Sainte Anne', 1),
	(2906, 186, 'SC', 'BV', 'Beau Vallon', 1),
	(2907, 186, 'SC', 'BA', 'Bel Air', 1),
	(2908, 186, 'SC', 'BO', 'Bel Ombre', 1),
	(2909, 186, 'SC', 'CA', 'Cascade', 1),
	(2910, 186, 'SC', 'GL', 'Glacis', 1),
	(2911, 186, 'SC', 'GM', 'Grand\' Anse (on Mahe)', 1),
	(2912, 186, 'SC', 'GP', 'Grand\' Anse (on Praslin)', 1),
	(2913, 186, 'SC', 'DG', 'La Digue', 1),
	(2914, 186, 'SC', 'RA', 'La Riviere Anglaise', 1),
	(2915, 186, 'SC', 'MB', 'Mont Buxton', 1),
	(2916, 186, 'SC', 'MF', 'Mont Fleuri', 1),
	(2917, 186, 'SC', 'PL', 'Plaisance', 1),
	(2918, 186, 'SC', 'PR', 'Pointe La Rue', 1),
	(2919, 186, 'SC', 'PG', 'Port Glaud', 1),
	(2920, 186, 'SC', 'SL', 'Saint Louis', 1),
	(2921, 186, 'SC', 'TA', 'Takamaka', 1),
	(2922, 187, 'SL', 'E', 'Eastern', 1),
	(2923, 187, 'SL', 'N', 'Northern', 1),
	(2924, 187, 'SL', 'S', 'Southern', 1),
	(2925, 187, 'SL', 'W', 'Western', 1),
	(2926, 189, 'SK', 'BA', 'Banskobystricky', 1),
	(2927, 189, 'SK', 'BR', 'Bratislavsky', 1),
	(2928, 189, 'SK', 'KO', 'Kosicky', 1),
	(2929, 189, 'SK', 'NI', 'Nitriansky', 1),
	(2930, 189, 'SK', 'PR', 'Presovsky', 1),
	(2931, 189, 'SK', 'TC', 'Trenciansky', 1),
	(2932, 189, 'SK', 'TV', 'Trnavsky', 1),
	(2933, 189, 'SK', 'ZI', 'Zilinsky', 1),
	(2934, 191, 'SB', 'CE', 'Central', 1),
	(2935, 191, 'SB', 'CH', 'Choiseul', 1),
	(2936, 191, 'SB', 'GC', 'Guadalcanal', 1),
	(2937, 191, 'SB', 'HO', 'Honiara', 1),
	(2938, 191, 'SB', 'IS', 'Isabel', 1),
	(2939, 191, 'SB', 'MK', 'Makira', 1),
	(2940, 191, 'SB', 'ML', 'Malaita', 1),
	(2941, 191, 'SB', 'RB', 'Rennell and Bellona', 1),
	(2942, 191, 'SB', 'TM', 'Temotu', 1),
	(2943, 191, 'SB', 'WE', 'Western', 1),
	(2944, 192, 'SO', 'AW', 'Awdal', 1),
	(2945, 192, 'SO', 'BK', 'Bakool', 1),
	(2946, 192, 'SO', 'BN', 'Banaadir', 1),
	(2947, 192, 'SO', 'BR', 'Bari', 1),
	(2948, 192, 'SO', 'BY', 'Bay', 1),
	(2949, 192, 'SO', 'GA', 'Galguduud', 1),
	(2950, 192, 'SO', 'GE', 'Gedo', 1),
	(2951, 192, 'SO', 'HI', 'Hiiraan', 1),
	(2952, 192, 'SO', 'JD', 'Jubbada Dhexe', 1),
	(2953, 192, 'SO', 'JH', 'Jubbada Hoose', 1),
	(2954, 192, 'SO', 'MU', 'Mudug', 1),
	(2955, 192, 'SO', 'NU', 'Nugaal', 1),
	(2956, 192, 'SO', 'SA', 'Sanaag', 1),
	(2957, 192, 'SO', 'SD', 'Shabeellaha Dhexe', 1),
	(2958, 192, 'SO', 'SH', 'Shabeellaha Hoose', 1),
	(2959, 192, 'SO', 'SL', 'Sool', 1),
	(2960, 192, 'SO', 'TO', 'Togdheer', 1),
	(2961, 192, 'SO', 'WG', 'Woqooyi Galbeed', 1),
	(2962, 193, 'ZA', 'EC', 'Eastern Cape', 1),
	(2963, 193, 'ZA', 'FS', 'Free State', 1),
	(2964, 193, 'ZA', 'GT', 'Gauteng', 1),
	(2965, 193, 'ZA', 'KN', 'KwaZulu-Natal', 1),
	(2966, 193, 'ZA', 'LP', 'Limpopo', 1),
	(2967, 193, 'ZA', 'MP', 'Mpumalanga', 1),
	(2968, 193, 'ZA', 'NW', 'North West', 1),
	(2969, 193, 'ZA', 'NC', 'Northern Cape', 1),
	(2970, 193, 'ZA', 'WC', 'Western Cape', 1),
	(2971, 195, 'ES', 'CA', 'A Coru&ntilde;a', 1),
	(2972, 195, 'ES', 'AL', '&Aacute;lava', 1),
	(2973, 195, 'ES', 'AB', 'Albacete', 1),
	(2974, 195, 'ES', 'AC', 'Alicante', 1),
	(2975, 195, 'ES', 'AM', 'Almeria', 1),
	(2976, 195, 'ES', 'AS', 'Asturias', 1),
	(2977, 195, 'ES', 'AV', '&Aacute;vila', 1),
	(2978, 195, 'ES', 'BJ', 'Badajoz', 1),
	(2979, 195, 'ES', 'IB', 'Baleares', 1),
	(2980, 195, 'ES', 'BA', 'Barcelona', 1),
	(2981, 195, 'ES', 'BU', 'Burgos', 1),
	(2982, 195, 'ES', 'CC', 'C&aacute;ceres', 1),
	(2983, 195, 'ES', 'CZ', 'C&aacute;diz', 1),
	(2984, 195, 'ES', 'CT', 'Cantabria', 1),
	(2985, 195, 'ES', 'CL', 'Castell&oacute;n', 1),
	(2986, 195, 'ES', 'CE', 'Ceuta', 1),
	(2987, 195, 'ES', 'CR', 'Ciudad Real', 1),
	(2988, 195, 'ES', 'CD', 'C&oacute;rdoba', 1),
	(2989, 195, 'ES', 'CU', 'Cuenca', 1),
	(2990, 195, 'ES', 'GI', 'Girona', 1),
	(2991, 195, 'ES', 'GD', 'Granada', 1),
	(2992, 195, 'ES', 'GJ', 'Guadalajara', 1),
	(2993, 195, 'ES', 'GP', 'Guip&uacute;zcoa', 1),
	(2994, 195, 'ES', 'HL', 'Huelva', 1),
	(2995, 195, 'ES', 'HS', 'Huesca', 1),
	(2996, 195, 'ES', 'JN', 'Ja&eacute;n', 1),
	(2997, 195, 'ES', 'RJ', 'La Rioja', 1),
	(2998, 195, 'ES', 'PM', 'Las Palmas', 1),
	(2999, 195, 'ES', 'LE', 'Leon', 1),
	(3000, 195, 'ES', 'LL', 'Lleida', 1),
	(3001, 195, 'ES', 'LG', 'Lugo', 1),
	(3002, 195, 'ES', 'MD', 'Madrid', 1),
	(3003, 195, 'ES', 'MA', 'Malaga', 1),
	(3004, 195, 'ES', 'ML', 'Melilla', 1),
	(3005, 195, 'ES', 'MU', 'Murcia', 1),
	(3006, 195, 'ES', 'NV', 'Navarra', 1),
	(3007, 195, 'ES', 'OU', 'Ourense', 1),
	(3008, 195, 'ES', 'PL', 'Palencia', 1),
	(3009, 195, 'ES', 'PO', 'Pontevedra', 1),
	(3010, 195, 'ES', 'SL', 'Salamanca', 1),
	(3011, 195, 'ES', 'SC', 'Santa Cruz de Tenerife', 1),
	(3012, 195, 'ES', 'SG', 'Segovia', 1),
	(3013, 195, 'ES', 'SV', 'Sevilla', 1),
	(3014, 195, 'ES', 'SO', 'Soria', 1),
	(3015, 195, 'ES', 'TA', 'Tarragona', 1),
	(3016, 195, 'ES', 'TE', 'Teruel', 1),
	(3017, 195, 'ES', 'TO', 'Toledo', 1),
	(3018, 195, 'ES', 'VC', 'Valencia', 1),
	(3019, 195, 'ES', 'VD', 'Valladolid', 1),
	(3020, 195, 'ES', 'VZ', 'Vizcaya', 1),
	(3021, 195, 'ES', 'ZM', 'Zamora', 1),
	(3022, 195, 'ES', 'ZR', 'Zaragoza', 1),
	(3023, 196, 'LK', 'CE', 'Central', 1),
	(3024, 196, 'LK', 'EA', 'Eastern', 1),
	(3025, 196, 'LK', 'NC', 'North Central', 1),
	(3026, 196, 'LK', 'NO', 'Northern', 1),
	(3027, 196, 'LK', 'NW', 'North Western', 1),
	(3028, 196, 'LK', 'SA', 'Sabaragamuwa', 1),
	(3029, 196, 'LK', 'SO', 'Southern', 1),
	(3030, 196, 'LK', 'UV', 'Uva', 1),
	(3031, 196, 'LK', 'WE', 'Western', 1),
	(3032, 197, 'SH', 'A', 'Ascension', 1),
	(3033, 197, 'SH', 'S', 'Saint Helena', 1),
	(3034, 197, 'SH', 'T', 'Tristan da Cunha', 1),
	(3035, 199, 'SD', 'ANL', 'A\'ali an Nil', 1),
	(3036, 199, 'SD', 'BAM', 'Al Bahr al Ahmar', 1),
	(3037, 199, 'SD', 'BRT', 'Al Buhayrat', 1),
	(3038, 199, 'SD', 'JZR', 'Al Jazirah', 1),
	(3039, 199, 'SD', 'KRT', 'Al Khartum', 1),
	(3040, 199, 'SD', 'QDR', 'Al Qadarif', 1),
	(3041, 199, 'SD', 'WDH', 'Al Wahdah', 1),
	(3042, 199, 'SD', 'ANB', 'An Nil al Abyad', 1),
	(3043, 199, 'SD', 'ANZ', 'An Nil al Azraq', 1),
	(3044, 199, 'SD', 'ASH', 'Ash Shamaliyah', 1),
	(3045, 199, 'SD', 'BJA', 'Bahr al Jabal', 1),
	(3046, 199, 'SD', 'GIS', 'Gharb al Istiwa\'iyah', 1),
	(3047, 199, 'SD', 'GBG', 'Gharb Bahr al Ghazal', 1),
	(3048, 199, 'SD', 'GDA', 'Gharb Darfur', 1),
	(3049, 199, 'SD', 'GKU', 'Gharb Kurdufan', 1),
	(3050, 199, 'SD', 'JDA', 'Janub Darfur', 1),
	(3051, 199, 'SD', 'JKU', 'Janub Kurdufan', 1),
	(3052, 199, 'SD', 'JQL', 'Junqali', 1),
	(3053, 199, 'SD', 'KSL', 'Kassala', 1),
	(3054, 199, 'SD', 'NNL', 'Nahr an Nil', 1),
	(3055, 199, 'SD', 'SBG', 'Shamal Bahr al Ghazal', 1),
	(3056, 199, 'SD', 'SDA', 'Shamal Darfur', 1),
	(3057, 199, 'SD', 'SKU', 'Shamal Kurdufan', 1),
	(3058, 199, 'SD', 'SIS', 'Sharq al Istiwa\'iyah', 1),
	(3059, 199, 'SD', 'SNR', 'Sinnar', 1),
	(3060, 199, 'SD', 'WRB', 'Warab', 1),
	(3061, 200, 'SR', 'BR', 'Brokopondo', 1),
	(3062, 200, 'SR', 'CM', 'Commewijne', 1),
	(3063, 200, 'SR', 'CR', 'Coronie', 1),
	(3064, 200, 'SR', 'MA', 'Marowijne', 1),
	(3065, 200, 'SR', 'NI', 'Nickerie', 1),
	(3066, 200, 'SR', 'PA', 'Para', 1),
	(3067, 200, 'SR', 'PM', 'Paramaribo', 1),
	(3068, 200, 'SR', 'SA', 'Saramacca', 1),
	(3069, 200, 'SR', 'SI', 'Sipaliwini', 1),
	(3070, 200, 'SR', 'WA', 'Wanica', 1),
	(3071, 202, 'SZ', 'H', 'Hhohho', 1),
	(3072, 202, 'SZ', 'L', 'Lubombo', 1),
	(3073, 202, 'SZ', 'M', 'Manzini', 1),
	(3074, 202, 'SZ', 'S', 'Shishelweni', 1),
	(3075, 203, 'SE', 'BL', 'Blekinge', 1),
	(3076, 203, 'SE', 'DA', 'Dalama', 1),
	(3077, 203, 'SE', 'GA', 'Gavleborg', 1),
	(3078, 203, 'SE', 'GO', 'Gotland', 1),
	(3079, 203, 'SE', 'HA', 'Halland', 1),
	(3080, 203, 'SE', 'JA', 'Jamtland', 1),
	(3081, 203, 'SE', 'JO', 'Jonkping', 1),
	(3082, 203, 'SE', 'KA', 'Kalmar', 1),
	(3083, 203, 'SE', 'KR', 'Kronoberg', 1),
	(3084, 203, 'SE', 'NO', 'Norrbotten', 1),
	(3085, 203, 'SE', 'OR', 'Orebro', 1),
	(3086, 203, 'SE', 'OG', 'Ostergotland', 1),
	(3087, 203, 'SE', 'SK', 'Skane', 1),
	(3088, 203, 'SE', 'SO', 'Sodermanland', 1),
	(3089, 203, 'SE', 'ST', 'Stockholm', 1),
	(3090, 203, 'SE', 'UP', 'Uppdala', 1),
	(3091, 203, 'SE', 'VL', 'Varmland', 1),
	(3092, 203, 'SE', 'VB', 'Vasterbotten', 1),
	(3093, 203, 'SE', 'VN', 'Vasternorrland', 1),
	(3094, 203, 'SE', 'VM', 'Vastmanland', 1),
	(3095, 203, 'SE', 'VG', 'Vastra Gotaland', 1),
	(3096, 204, 'CH', 'AG', 'Aargau', 1),
	(3097, 204, 'CH', 'AR', 'Appenzell Ausserrhoden', 1),
	(3098, 204, 'CH', 'AI', 'Appenzell Innerrhoden', 1),
	(3099, 204, 'CH', 'BS', 'Basel-Stadt', 1),
	(3100, 204, 'CH', 'BL', 'Basel-Landschaft', 1),
	(3101, 204, 'CH', 'BE', 'Bern', 1),
	(3102, 204, 'CH', 'FR', 'Fribourg', 1),
	(3103, 204, 'CH', 'GE', 'Gen&egrave;ve', 1),
	(3104, 204, 'CH', 'GL', 'Glarus', 1),
	(3105, 204, 'CH', 'GR', 'Graubünden', 1),
	(3106, 204, 'CH', 'JU', 'Jura', 1),
	(3107, 204, 'CH', 'LU', 'Luzern', 1),
	(3108, 204, 'CH', 'NE', 'Neuchâtel', 1),
	(3109, 204, 'CH', 'NW', 'Nidwald', 1),
	(3110, 204, 'CH', 'OW', 'Obwald', 1),
	(3111, 204, 'CH', 'SG', 'St. Gallen', 1),
	(3112, 204, 'CH', 'SH', 'Schaffhausen', 1),
	(3113, 204, 'CH', 'SZ', 'Schwyz', 1),
	(3114, 204, 'CH', 'SO', 'Solothurn', 1),
	(3115, 204, 'CH', 'TG', 'Thurgau', 1),
	(3116, 204, 'CH', 'TI', 'Ticino', 1),
	(3117, 204, 'CH', 'UR', 'Uri', 1),
	(3118, 204, 'CH', 'VS', 'Valais', 1),
	(3119, 204, 'CH', 'VD', 'Vaud', 1),
	(3120, 204, 'CH', 'ZG', 'Zug', 1),
	(3121, 204, 'CH', 'ZH', 'Z&uuml;rich', 1),
	(3122, 205, 'SY', 'HA', 'Al Hasakah', 1),
	(3123, 205, 'SY', 'LA', 'Al Ladhiqiyah', 1),
	(3124, 205, 'SY', 'QU', 'Al Qunaytirah', 1),
	(3125, 205, 'SY', 'RQ', 'Ar Raqqah', 1),
	(3126, 205, 'SY', 'SU', 'As Suwayda', 1),
	(3127, 205, 'SY', 'DA', 'Dara', 1),
	(3128, 205, 'SY', 'DZ', 'Dayr az Zawr', 1),
	(3129, 205, 'SY', 'DI', 'Dimashq', 1),
	(3130, 205, 'SY', 'HL', 'Halab', 1),
	(3131, 205, 'SY', 'HM', 'Hamah', 1),
	(3132, 205, 'SY', 'HI', 'Hims', 1),
	(3133, 205, 'SY', 'ID', 'Idlib', 1),
	(3134, 205, 'SY', 'RD', 'Rif Dimashq', 1),
	(3135, 205, 'SY', 'TA', 'Tartus', 1),
	(3136, 206, 'TW', 'CH', 'Chang-hua', 1),
	(3137, 206, 'TW', 'CI', 'Chia-i', 1),
	(3138, 206, 'TW', 'HS', 'Hsin-chu', 1),
	(3139, 206, 'TW', 'HL', 'Hua-lien', 1),
	(3140, 206, 'TW', 'IL', 'I-lan', 1),
	(3141, 206, 'TW', 'KH', 'Kao-hsiung county', 1),
	(3142, 206, 'TW', 'KM', 'Kin-men', 1),
	(3143, 206, 'TW', 'LC', 'Lien-chiang', 1),
	(3144, 206, 'TW', 'ML', 'Miao-li', 1),
	(3145, 206, 'TW', 'NT', 'Nan-t\'ou', 1),
	(3146, 206, 'TW', 'PH', 'P\'eng-hu', 1),
	(3147, 206, 'TW', 'PT', 'P\'ing-tung', 1),
	(3148, 206, 'TW', 'TG', 'T\'ai-chung', 1),
	(3149, 206, 'TW', 'TA', 'T\'ai-nan', 1),
	(3150, 206, 'TW', 'TP', 'T\'ai-pei county', 1),
	(3151, 206, 'TW', 'TT', 'T\'ai-tung', 1),
	(3152, 206, 'TW', 'TY', 'T\'ao-yuan', 1),
	(3153, 206, 'TW', 'YL', 'Yun-lin', 1),
	(3154, 206, 'TW', 'CC', 'Chia-i city', 1),
	(3155, 206, 'TW', 'CL', 'Chi-lung', 1),
	(3156, 206, 'TW', 'HC', 'Hsin-chu', 1),
	(3157, 206, 'TW', 'TH', 'T\'ai-chung', 1),
	(3158, 206, 'TW', 'TN', 'T\'ai-nan', 1),
	(3159, 206, 'TW', 'KC', 'Kao-hsiung city', 1),
	(3160, 206, 'TW', 'TC', 'T\'ai-pei city', 1),
	(3161, 207, 'TJ', 'GB', 'Gorno-Badakhstan', 1),
	(3162, 207, 'TJ', 'KT', 'Khatlon', 1),
	(3163, 207, 'TJ', 'SU', 'Sughd', 1),
	(3164, 208, 'TZ', 'AR', 'Arusha', 1),
	(3165, 208, 'TZ', 'DS', 'Dar es Salaam', 1),
	(3166, 208, 'TZ', 'DO', 'Dodoma', 1),
	(3167, 208, 'TZ', 'IR', 'Iringa', 1),
	(3168, 208, 'TZ', 'KA', 'Kagera', 1),
	(3169, 208, 'TZ', 'KI', 'Kigoma', 1),
	(3170, 208, 'TZ', 'KJ', 'Kilimanjaro', 1),
	(3171, 208, 'TZ', 'LN', 'Lindi', 1),
	(3172, 208, 'TZ', 'MY', 'Manyara', 1),
	(3173, 208, 'TZ', 'MR', 'Mara', 1),
	(3174, 208, 'TZ', 'MB', 'Mbeya', 1),
	(3175, 208, 'TZ', 'MO', 'Morogoro', 1),
	(3176, 208, 'TZ', 'MT', 'Mtwara', 1),
	(3177, 208, 'TZ', 'MW', 'Mwanza', 1),
	(3178, 208, 'TZ', 'PN', 'Pemba North', 1),
	(3179, 208, 'TZ', 'PS', 'Pemba South', 1),
	(3180, 208, 'TZ', 'PW', 'Pwani', 1),
	(3181, 208, 'TZ', 'RK', 'Rukwa', 1),
	(3182, 208, 'TZ', 'RV', 'Ruvuma', 1),
	(3183, 208, 'TZ', 'SH', 'Shinyanga', 1),
	(3184, 208, 'TZ', 'SI', 'Singida', 1),
	(3185, 208, 'TZ', 'TB', 'Tabora', 1),
	(3186, 208, 'TZ', 'TN', 'Tanga', 1),
	(3187, 208, 'TZ', 'ZC', 'Zanzibar Central/South', 1),
	(3188, 208, 'TZ', 'ZN', 'Zanzibar North', 1),
	(3189, 208, 'TZ', 'ZU', 'Zanzibar Urban/West', 1),
	(3190, 209, 'TH', 'Amnat Charoen', 'Amnat Charoen', 1),
	(3191, 209, 'TH', 'Ang Thong', 'Ang Thong', 1),
	(3192, 209, 'TH', 'Ayutthaya', 'Ayutthaya', 1),
	(3193, 209, 'TH', 'Bangkok', 'Bangkok', 1),
	(3194, 209, 'TH', 'Buriram', 'Buriram', 1),
	(3195, 209, 'TH', 'Chachoengsao', 'Chachoengsao', 1),
	(3196, 209, 'TH', 'Chai Nat', 'Chai Nat', 1),
	(3197, 209, 'TH', 'Chaiyaphum', 'Chaiyaphum', 1),
	(3198, 209, 'TH', 'Chanthaburi', 'Chanthaburi', 1),
	(3199, 209, 'TH', 'Chiang Mai', 'Chiang Mai', 1),
	(3200, 209, 'TH', 'Chiang Rai', 'Chiang Rai', 1),
	(3201, 209, 'TH', 'Chon Buri', 'Chon Buri', 1),
	(3202, 209, 'TH', 'Chumphon', 'Chumphon', 1),
	(3203, 209, 'TH', 'Kalasin', 'Kalasin', 1),
	(3204, 209, 'TH', 'Kamphaeng Phet', 'Kamphaeng Phet', 1),
	(3205, 209, 'TH', 'Kanchanaburi', 'Kanchanaburi', 1),
	(3206, 209, 'TH', 'Khon Kaen', 'Khon Kaen', 1),
	(3207, 209, 'TH', 'Krabi', 'Krabi', 1),
	(3208, 209, 'TH', 'Lampang', 'Lampang', 1),
	(3209, 209, 'TH', 'Lamphun', 'Lamphun', 1),
	(3210, 209, 'TH', 'Loei', 'Loei', 1),
	(3211, 209, 'TH', 'Lop Buri', 'Lop Buri', 1),
	(3212, 209, 'TH', 'Mae Hong Son', 'Mae Hong Son', 1),
	(3213, 209, 'TH', 'Maha Sarakham', 'Maha Sarakham', 1),
	(3214, 209, 'TH', 'Mukdahan', 'Mukdahan', 1),
	(3215, 209, 'TH', 'Nakhon Nayok', 'Nakhon Nayok', 1),
	(3216, 209, 'TH', 'Nakhon Pathom', 'Nakhon Pathom', 1),
	(3217, 209, 'TH', 'Nakhon Phanom', 'Nakhon Phanom', 1),
	(3218, 209, 'TH', 'Nakhon Ratchasima', 'Nakhon Ratchasima', 1),
	(3219, 209, 'TH', 'Nakhon Sawan', 'Nakhon Sawan', 1),
	(3220, 209, 'TH', 'Nakhon Si Thammarat', 'Nakhon Si Thammarat', 1),
	(3221, 209, 'TH', 'Nan', 'Nan', 1),
	(3222, 209, 'TH', 'Narathiwat', 'Narathiwat', 1),
	(3223, 209, 'TH', 'Nong Bua Lamphu', 'Nong Bua Lamphu', 1),
	(3224, 209, 'TH', 'Nong Khai', 'Nong Khai', 1),
	(3225, 209, 'TH', 'Nonthaburi', 'Nonthaburi', 1),
	(3226, 209, 'TH', 'Pathum Thani', 'Pathum Thani', 1),
	(3227, 209, 'TH', 'Pattani', 'Pattani', 1),
	(3228, 209, 'TH', 'Phangnga', 'Phangnga', 1),
	(3229, 209, 'TH', 'Phatthalung', 'Phatthalung', 1),
	(3230, 209, 'TH', 'Phayao', 'Phayao', 1),
	(3231, 209, 'TH', 'Phetchabun', 'Phetchabun', 1),
	(3232, 209, 'TH', 'Phetchaburi', 'Phetchaburi', 1),
	(3233, 209, 'TH', 'Phichit', 'Phichit', 1),
	(3234, 209, 'TH', 'Phitsanulok', 'Phitsanulok', 1),
	(3235, 209, 'TH', 'Phrae', 'Phrae', 1),
	(3236, 209, 'TH', 'Phuket', 'Phuket', 1),
	(3237, 209, 'TH', 'Prachin Buri', 'Prachin Buri', 1),
	(3238, 209, 'TH', 'Prachuap Khiri Khan', 'Prachuap Khiri Khan', 1),
	(3239, 209, 'TH', 'Ranong', 'Ranong', 1),
	(3240, 209, 'TH', 'Ratchaburi', 'Ratchaburi', 1),
	(3241, 209, 'TH', 'Rayong', 'Rayong', 1),
	(3242, 209, 'TH', 'Roi Et', 'Roi Et', 1),
	(3243, 209, 'TH', 'Sa Kaeo', 'Sa Kaeo', 1),
	(3244, 209, 'TH', 'Sakon Nakhon', 'Sakon Nakhon', 1),
	(3245, 209, 'TH', 'Samut Prakan', 'Samut Prakan', 1),
	(3246, 209, 'TH', 'Samut Sakhon', 'Samut Sakhon', 1),
	(3247, 209, 'TH', 'Samut Songkhram', 'Samut Songkhram', 1),
	(3248, 209, 'TH', 'Sara Buri', 'Sara Buri', 1),
	(3249, 209, 'TH', 'Satun', 'Satun', 1),
	(3250, 209, 'TH', 'Sing Buri', 'Sing Buri', 1),
	(3251, 209, 'TH', 'Sisaket', 'Sisaket', 1),
	(3252, 209, 'TH', 'Songkhla', 'Songkhla', 1),
	(3253, 209, 'TH', 'Sukhothai', 'Sukhothai', 1),
	(3254, 209, 'TH', 'Suphan Buri', 'Suphan Buri', 1),
	(3255, 209, 'TH', 'Surat Thani', 'Surat Thani', 1),
	(3256, 209, 'TH', 'Surin', 'Surin', 1),
	(3257, 209, 'TH', 'Tak', 'Tak', 1),
	(3258, 209, 'TH', 'Trang', 'Trang', 1),
	(3259, 209, 'TH', 'Trat', 'Trat', 1),
	(3260, 209, 'TH', 'Ubon Ratchathani', 'Ubon Ratchathani', 1),
	(3261, 209, 'TH', 'Udon Thani', 'Udon Thani', 1),
	(3262, 209, 'TH', 'Uthai Thani', 'Uthai Thani', 1),
	(3263, 209, 'TH', 'Uttaradit', 'Uttaradit', 1),
	(3264, 209, 'TH', 'Yala', 'Yala', 1),
	(3265, 209, 'TH', 'Yasothon', 'Yasothon', 1),
	(3266, 210, 'TG', 'K', 'Kara', 1),
	(3267, 210, 'TG', 'P', 'Plateaux', 1),
	(3268, 210, 'TG', 'S', 'Savanes', 1),
	(3269, 210, 'TG', 'C', 'Centrale', 1),
	(3270, 210, 'TG', 'M', 'Maritime', 1),
	(3271, 211, 'TK', 'A', 'Atafu', 1),
	(3272, 211, 'TK', 'F', 'Fakaofo', 1),
	(3273, 211, 'TK', 'N', 'Nukunonu', 1),
	(3274, 212, 'TO', 'H', 'Ha\'apai', 1),
	(3275, 212, 'TO', 'T', 'Tongatapu', 1),
	(3276, 212, 'TO', 'V', 'Vava\'u', 1),
	(3277, 213, 'TT', 'CT', 'Couva/Tabaquite/Talparo', 1),
	(3278, 213, 'TT', 'DM', 'Diego Martin', 1),
	(3279, 213, 'TT', 'MR', 'Mayaro/Rio Claro', 1),
	(3280, 213, 'TT', 'PD', 'Penal/Debe', 1),
	(3281, 213, 'TT', 'PT', 'Princes Town', 1),
	(3282, 213, 'TT', 'SG', 'Sangre Grande', 1),
	(3283, 213, 'TT', 'SL', 'San Juan/Laventille', 1),
	(3284, 213, 'TT', 'SI', 'Siparia', 1),
	(3285, 213, 'TT', 'TP', 'Tunapuna/Piarco', 1),
	(3286, 213, 'TT', 'PS', 'Port of Spain', 1),
	(3287, 213, 'TT', 'SF', 'San Fernando', 1),
	(3288, 213, 'TT', 'AR', 'Arima', 1),
	(3289, 213, 'TT', 'PF', 'Point Fortin', 1),
	(3290, 213, 'TT', 'CH', 'Chaguanas', 1),
	(3291, 213, 'TT', 'TO', 'Tobago', 1),
	(3292, 214, 'TN', 'AR', 'Ariana', 1),
	(3293, 214, 'TN', 'BJ', 'Beja', 1),
	(3294, 214, 'TN', 'BA', 'Ben Arous', 1),
	(3295, 214, 'TN', 'BI', 'Bizerte', 1),
	(3296, 214, 'TN', 'GB', 'Gabes', 1),
	(3297, 214, 'TN', 'GF', 'Gafsa', 1),
	(3298, 214, 'TN', 'JE', 'Jendouba', 1),
	(3299, 214, 'TN', 'KR', 'Kairouan', 1),
	(3300, 214, 'TN', 'KS', 'Kasserine', 1),
	(3301, 214, 'TN', 'KB', 'Kebili', 1),
	(3302, 214, 'TN', 'KF', 'Kef', 1),
	(3303, 214, 'TN', 'MH', 'Mahdia', 1),
	(3304, 214, 'TN', 'MN', 'Manouba', 1),
	(3305, 214, 'TN', 'ME', 'Medenine', 1),
	(3306, 214, 'TN', 'MO', 'Monastir', 1),
	(3307, 214, 'TN', 'NA', 'Nabeul', 1),
	(3308, 214, 'TN', 'SF', 'Sfax', 1),
	(3309, 214, 'TN', 'SD', 'Sidi', 1),
	(3310, 214, 'TN', 'SL', 'Siliana', 1),
	(3311, 214, 'TN', 'SO', 'Sousse', 1),
	(3312, 214, 'TN', 'TA', 'Tataouine', 1),
	(3313, 214, 'TN', 'TO', 'Tozeur', 1),
	(3314, 214, 'TN', 'TU', 'Tunis', 1),
	(3315, 214, 'TN', 'ZA', 'Zaghouan', 1),
	(3316, 215, 'TR', 'ADA', 'Adana', 1),
	(3317, 215, 'TR', 'ADI', 'Adiyaman', 1),
	(3318, 215, 'TR', 'AFY', 'Afyonkarahisar', 1),
	(3319, 215, 'TR', 'AGR', 'Agri', 1),
	(3320, 215, 'TR', 'AKS', 'Aksaray', 1),
	(3321, 215, 'TR', 'AMA', 'Amasya', 1),
	(3322, 215, 'TR', 'ANK', 'Ankara', 1),
	(3323, 215, 'TR', 'ANT', 'Antalya', 1),
	(3324, 215, 'TR', 'ARD', 'Ardahan', 1),
	(3325, 215, 'TR', 'ART', 'Artvin', 1),
	(3326, 215, 'TR', 'AYI', 'Aydin', 1),
	(3327, 215, 'TR', 'BAL', 'Balikesir', 1),
	(3328, 215, 'TR', 'BAR', 'Bartin', 1),
	(3329, 215, 'TR', 'BAT', 'Batman', 1),
	(3330, 215, 'TR', 'BAY', 'Bayburt', 1),
	(3331, 215, 'TR', 'BIL', 'Bilecik', 1),
	(3332, 215, 'TR', 'BIN', 'Bingol', 1),
	(3333, 215, 'TR', 'BIT', 'Bitlis', 1),
	(3334, 215, 'TR', 'BOL', 'Bolu', 1),
	(3335, 215, 'TR', 'BRD', 'Burdur', 1),
	(3336, 215, 'TR', 'BRS', 'Bursa', 1),
	(3337, 215, 'TR', 'CKL', 'Canakkale', 1),
	(3338, 215, 'TR', 'CKR', 'Cankiri', 1),
	(3339, 215, 'TR', 'COR', 'Corum', 1),
	(3340, 215, 'TR', 'DEN', 'Denizli', 1),
	(3341, 215, 'TR', 'DIY', 'Diyarbakir', 1),
	(3342, 215, 'TR', 'DUZ', 'Duzce', 1),
	(3343, 215, 'TR', 'EDI', 'Edirne', 1),
	(3344, 215, 'TR', 'ELA', 'Elazig', 1),
	(3345, 215, 'TR', 'EZC', 'Erzincan', 1),
	(3346, 215, 'TR', 'EZR', 'Erzurum', 1),
	(3347, 215, 'TR', 'ESK', 'Eskisehir', 1),
	(3348, 215, 'TR', 'GAZ', 'Gaziantep', 1),
	(3349, 215, 'TR', 'GIR', 'Giresun', 1),
	(3350, 215, 'TR', 'GMS', 'Gumushane', 1),
	(3351, 215, 'TR', 'HKR', 'Hakkari', 1),
	(3352, 215, 'TR', 'HTY', 'Hatay', 1),
	(3353, 215, 'TR', 'IGD', 'Igdir', 1),
	(3354, 215, 'TR', 'ISP', 'Isparta', 1),
	(3355, 215, 'TR', 'IST', 'Istanbul', 1),
	(3356, 215, 'TR', 'IZM', 'Izmir', 1),
	(3357, 215, 'TR', 'KAH', 'Kahramanmaras', 1),
	(3358, 215, 'TR', 'KRB', 'Karabuk', 1),
	(3359, 215, 'TR', 'KRM', 'Karaman', 1),
	(3360, 215, 'TR', 'KRS', 'Kars', 1),
	(3361, 215, 'TR', 'KAS', 'Kastamonu', 1),
	(3362, 215, 'TR', 'KAY', 'Kayseri', 1),
	(3363, 215, 'TR', 'KLS', 'Kilis', 1),
	(3364, 215, 'TR', 'KRK', 'Kirikkale', 1),
	(3365, 215, 'TR', 'KLR', 'Kirklareli', 1),
	(3366, 215, 'TR', 'KRH', 'Kirsehir', 1),
	(3367, 215, 'TR', 'KOC', 'Kocaeli', 1),
	(3368, 215, 'TR', 'KON', 'Konya', 1),
	(3369, 215, 'TR', 'KUT', 'Kutahya', 1),
	(3370, 215, 'TR', 'MAL', 'Malatya', 1),
	(3371, 215, 'TR', 'MAN', 'Manisa', 1),
	(3372, 215, 'TR', 'MAR', 'Mardin', 1),
	(3373, 215, 'TR', 'MER', 'Mersin', 1),
	(3374, 215, 'TR', 'MUG', 'Mugla', 1),
	(3375, 215, 'TR', 'MUS', 'Mus', 1),
	(3376, 215, 'TR', 'NEV', 'Nevsehir', 1),
	(3377, 215, 'TR', 'NIG', 'Nigde', 1),
	(3378, 215, 'TR', 'ORD', 'Ordu', 1),
	(3379, 215, 'TR', 'OSM', 'Osmaniye', 1),
	(3380, 215, 'TR', 'RIZ', 'Rize', 1),
	(3381, 215, 'TR', 'SAK', 'Sakarya', 1),
	(3382, 215, 'TR', 'SAM', 'Samsun', 1),
	(3383, 215, 'TR', 'SAN', 'Sanliurfa', 1),
	(3384, 215, 'TR', 'SII', 'Siirt', 1),
	(3385, 215, 'TR', 'SIN', 'Sinop', 1),
	(3386, 215, 'TR', 'SIR', 'Sirnak', 1),
	(3387, 215, 'TR', 'SIV', 'Sivas', 1),
	(3388, 215, 'TR', 'TEL', 'Tekirdag', 1),
	(3389, 215, 'TR', 'TOK', 'Tokat', 1),
	(3390, 215, 'TR', 'TRA', 'Trabzon', 1),
	(3391, 215, 'TR', 'TUN', 'Tunceli', 1),
	(3392, 215, 'TR', 'USK', 'Usak', 1),
	(3393, 215, 'TR', 'VAN', 'Van', 1),
	(3394, 215, 'TR', 'YAL', 'Yalova', 1),
	(3395, 215, 'TR', 'YOZ', 'Yozgat', 1),
	(3396, 215, 'TR', 'ZON', 'Zonguldak', 1),
	(3397, 216, 'TM', 'A', 'Ahal Welayaty', 1),
	(3398, 216, 'TM', 'B', 'Balkan Welayaty', 1),
	(3399, 216, 'TM', 'D', 'Dashhowuz Welayaty', 1),
	(3400, 216, 'TM', 'L', 'Lebap Welayaty', 1),
	(3401, 216, 'TM', 'M', 'Mary Welayaty', 1),
	(3402, 217, 'TC', 'AC', 'Ambergris Cays', 1),
	(3403, 217, 'TC', 'DC', 'Dellis Cay', 1),
	(3404, 217, 'TC', 'FC', 'French Cay', 1),
	(3405, 217, 'TC', 'LW', 'Little Water Cay', 1),
	(3406, 217, 'TC', 'RC', 'Parrot Cay', 1),
	(3407, 217, 'TC', 'PN', 'Pine Cay', 1),
	(3408, 217, 'TC', 'SL', 'Salt Cay', 1),
	(3409, 217, 'TC', 'GT', 'Grand Turk', 1),
	(3410, 217, 'TC', 'SC', 'South Caicos', 1),
	(3411, 217, 'TC', 'EC', 'East Caicos', 1),
	(3412, 217, 'TC', 'MC', 'Middle Caicos', 1),
	(3413, 217, 'TC', 'NC', 'North Caicos', 1),
	(3414, 217, 'TC', 'PR', 'Providenciales', 1),
	(3415, 217, 'TC', 'WC', 'West Caicos', 1),
	(3416, 218, 'TV', 'NMG', 'Nanumanga', 1),
	(3417, 218, 'TV', 'NLK', 'Niulakita', 1),
	(3418, 218, 'TV', 'NTO', 'Niutao', 1),
	(3419, 218, 'TV', 'FUN', 'Funafuti', 1),
	(3420, 218, 'TV', 'NME', 'Nanumea', 1),
	(3421, 218, 'TV', 'NUI', 'Nui', 1),
	(3422, 218, 'TV', 'NFT', 'Nukufetau', 1),
	(3423, 218, 'TV', 'NLL', 'Nukulaelae', 1),
	(3424, 218, 'TV', 'VAI', 'Vaitupu', 1),
	(3425, 219, 'UG', 'KAL', 'Kalangala', 1),
	(3426, 219, 'UG', 'KMP', 'Kampala', 1),
	(3427, 219, 'UG', 'KAY', 'Kayunga', 1),
	(3428, 219, 'UG', 'KIB', 'Kiboga', 1),
	(3429, 219, 'UG', 'LUW', 'Luwero', 1),
	(3430, 219, 'UG', 'MAS', 'Masaka', 1),
	(3431, 219, 'UG', 'MPI', 'Mpigi', 1),
	(3432, 219, 'UG', 'MUB', 'Mubende', 1),
	(3433, 219, 'UG', 'MUK', 'Mukono', 1),
	(3434, 219, 'UG', 'NKS', 'Nakasongola', 1),
	(3435, 219, 'UG', 'RAK', 'Rakai', 1),
	(3436, 219, 'UG', 'SEM', 'Sembabule', 1),
	(3437, 219, 'UG', 'WAK', 'Wakiso', 1),
	(3438, 219, 'UG', 'BUG', 'Bugiri', 1),
	(3439, 219, 'UG', 'BUS', 'Busia', 1),
	(3440, 219, 'UG', 'IGA', 'Iganga', 1),
	(3441, 219, 'UG', 'JIN', 'Jinja', 1),
	(3442, 219, 'UG', 'KAB', 'Kaberamaido', 1),
	(3443, 219, 'UG', 'KML', 'Kamuli', 1),
	(3444, 219, 'UG', 'KPC', 'Kapchorwa', 1),
	(3445, 219, 'UG', 'KTK', 'Katakwi', 1),
	(3446, 219, 'UG', 'KUM', 'Kumi', 1),
	(3447, 219, 'UG', 'MAY', 'Mayuge', 1),
	(3448, 219, 'UG', 'MBA', 'Mbale', 1),
	(3449, 219, 'UG', 'PAL', 'Pallisa', 1),
	(3450, 219, 'UG', 'SIR', 'Sironko', 1),
	(3451, 219, 'UG', 'SOR', 'Soroti', 1),
	(3452, 219, 'UG', 'TOR', 'Tororo', 1),
	(3453, 219, 'UG', 'ADJ', 'Adjumani', 1),
	(3454, 219, 'UG', 'APC', 'Apac', 1),
	(3455, 219, 'UG', 'ARU', 'Arua', 1),
	(3456, 219, 'UG', 'GUL', 'Gulu', 1),
	(3457, 219, 'UG', 'KIT', 'Kitgum', 1),
	(3458, 219, 'UG', 'KOT', 'Kotido', 1),
	(3459, 219, 'UG', 'LIR', 'Lira', 1),
	(3460, 219, 'UG', 'MRT', 'Moroto', 1),
	(3461, 219, 'UG', 'MOY', 'Moyo', 1),
	(3462, 219, 'UG', 'NAK', 'Nakapiripirit', 1),
	(3463, 219, 'UG', 'NEB', 'Nebbi', 1),
	(3464, 219, 'UG', 'PAD', 'Pader', 1),
	(3465, 219, 'UG', 'YUM', 'Yumbe', 1),
	(3466, 219, 'UG', 'BUN', 'Bundibugyo', 1),
	(3467, 219, 'UG', 'BSH', 'Bushenyi', 1),
	(3468, 219, 'UG', 'HOI', 'Hoima', 1),
	(3469, 219, 'UG', 'KBL', 'Kabale', 1),
	(3470, 219, 'UG', 'KAR', 'Kabarole', 1),
	(3471, 219, 'UG', 'KAM', 'Kamwenge', 1),
	(3472, 219, 'UG', 'KAN', 'Kanungu', 1),
	(3473, 219, 'UG', 'KAS', 'Kasese', 1),
	(3474, 219, 'UG', 'KBA', 'Kibaale', 1),
	(3475, 219, 'UG', 'KIS', 'Kisoro', 1),
	(3476, 219, 'UG', 'KYE', 'Kyenjojo', 1),
	(3477, 219, 'UG', 'MSN', 'Masindi', 1),
	(3478, 219, 'UG', 'MBR', 'Mbarara', 1),
	(3479, 219, 'UG', 'NTU', 'Ntungamo', 1),
	(3480, 219, 'UG', 'RUK', 'Rukungiri', 1),
	(3481, 220, 'UA', 'CK', 'Cherkasy', 1),
	(3482, 220, 'UA', 'CH', 'Chernihiv', 1),
	(3483, 220, 'UA', 'CV', 'Chernivtsi', 1),
	(3484, 220, 'UA', 'CR', 'Crimea', 1),
	(3485, 220, 'UA', 'DN', 'Dnipropetrovs\'k', 1),
	(3486, 220, 'UA', 'DO', 'Donets\'k', 1),
	(3487, 220, 'UA', 'IV', 'Ivano-Frankivs\'k', 1),
	(3488, 220, 'UA', 'KL', 'Kharkiv Kherson', 1),
	(3489, 220, 'UA', 'KM', 'Khmel\'nyts\'kyy', 1),
	(3490, 220, 'UA', 'KR', 'Kirovohrad', 1),
	(3491, 220, 'UA', 'KV', 'Kiev', 1),
	(3492, 220, 'UA', 'KY', 'Kyyiv', 1),
	(3493, 220, 'UA', 'LU', 'Luhans\'k', 1),
	(3494, 220, 'UA', 'LV', 'L\'viv', 1),
	(3495, 220, 'UA', 'MY', 'Mykolayiv', 1),
	(3496, 220, 'UA', 'OD', 'Odesa', 1),
	(3497, 220, 'UA', 'PO', 'Poltava', 1),
	(3498, 220, 'UA', 'RI', 'Rivne', 1),
	(3499, 220, 'UA', 'SE', 'Sevastopol', 1),
	(3500, 220, 'UA', 'SU', 'Sumy', 1),
	(3501, 220, 'UA', 'TE', 'Ternopil\'', 1),
	(3502, 220, 'UA', 'VI', 'Vinnytsya', 1),
	(3503, 220, 'UA', 'VO', 'Volyn\'', 1),
	(3504, 220, 'UA', 'ZK', 'Zakarpattya', 1),
	(3505, 220, 'UA', 'ZA', 'Zaporizhzhya', 1),
	(3506, 220, 'UA', 'ZH', 'Zhytomyr', 1),
	(3507, 221, 'AE', 'AZ', 'Abu Zaby', 1),
	(3508, 221, 'AE', 'AJ', '\'Ajman', 1),
	(3509, 221, 'AE', 'FU', 'Al Fujayrah', 1),
	(3510, 221, 'AE', 'SH', 'Ash Shariqah', 1),
	(3511, 221, 'AE', 'DU', 'Dubayy', 1),
	(3512, 221, 'AE', 'RK', 'R\'as al Khaymah', 1),
	(3513, 221, 'AE', 'UQ', 'Umm al Qaywayn', 1),
	(3514, 222, 'GB', 'ABN', 'Aberdeen', 1),
	(3515, 222, 'GB', 'ABNS', 'Aberdeenshire', 1),
	(3516, 222, 'GB', 'ANG', 'Anglesey', 1),
	(3517, 222, 'GB', 'AGS', 'Angus', 1),
	(3518, 222, 'GB', 'ARY', 'Argyll and Bute', 1),
	(3519, 222, 'GB', 'BEDS', 'Bedfordshire', 1),
	(3520, 222, 'GB', 'BERKS', 'Berkshire', 1),
	(3521, 222, 'GB', 'BLA', 'Blaenau Gwent', 1),
	(3522, 222, 'GB', 'BRI', 'Bridgend', 1),
	(3523, 222, 'GB', 'BSTL', 'Bristol', 1),
	(3524, 222, 'GB', 'BUCKS', 'Buckinghamshire', 1),
	(3525, 222, 'GB', 'CAE', 'Caerphilly', 1),
	(3526, 222, 'GB', 'CAMBS', 'Cambridgeshire', 1),
	(3527, 222, 'GB', 'CDF', 'Cardiff', 1),
	(3528, 222, 'GB', 'CARM', 'Carmarthenshire', 1),
	(3529, 222, 'GB', 'CDGN', 'Ceredigion', 1),
	(3530, 222, 'GB', 'CHES', 'Cheshire', 1),
	(3531, 222, 'GB', 'CLACK', 'Clackmannanshire', 1),
	(3532, 222, 'GB', 'CON', 'Conwy', 1),
	(3533, 222, 'GB', 'CORN', 'Cornwall', 1),
	(3534, 222, 'GB', 'DNBG', 'Denbighshire', 1),
	(3535, 222, 'GB', 'DERBY', 'Derbyshire', 1),
	(3536, 222, 'GB', 'DVN', 'Devon', 1),
	(3537, 222, 'GB', 'DOR', 'Dorset', 1),
	(3538, 222, 'GB', 'DGL', 'Dumfries and Galloway', 1),
	(3539, 222, 'GB', 'DUND', 'Dundee', 1),
	(3540, 222, 'GB', 'DHM', 'Durham', 1),
	(3541, 222, 'GB', 'ARYE', 'East Ayrshire', 1),
	(3542, 222, 'GB', 'DUNBE', 'East Dunbartonshire', 1),
	(3543, 222, 'GB', 'LOTE', 'East Lothian', 1),
	(3544, 222, 'GB', 'RENE', 'East Renfrewshire', 1),
	(3545, 222, 'GB', 'ERYS', 'East Riding of Yorkshire', 1),
	(3546, 222, 'GB', 'SXE', 'East Sussex', 1),
	(3547, 222, 'GB', 'EDIN', 'Edinburgh', 1),
	(3548, 222, 'GB', 'ESX', 'Essex', 1),
	(3549, 222, 'GB', 'FALK', 'Falkirk', 1),
	(3550, 222, 'GB', 'FFE', 'Fife', 1),
	(3551, 222, 'GB', 'FLINT', 'Flintshire', 1),
	(3552, 222, 'GB', 'GLAS', 'Glasgow', 1),
	(3553, 222, 'GB', 'GLOS', 'Gloucestershire', 1),
	(3554, 222, 'GB', 'LDN', 'Greater London', 1),
	(3555, 222, 'GB', 'MCH', 'Greater Manchester', 1),
	(3556, 222, 'GB', 'GDD', 'Gwynedd', 1),
	(3557, 222, 'GB', 'HANTS', 'Hampshire', 1),
	(3558, 222, 'GB', 'HWR', 'Herefordshire', 1),
	(3559, 222, 'GB', 'HERTS', 'Hertfordshire', 1),
	(3560, 222, 'GB', 'HLD', 'Highlands', 1),
	(3561, 222, 'GB', 'IVER', 'Inverclyde', 1),
	(3562, 222, 'GB', 'IOW', 'Isle of Wight', 1),
	(3563, 222, 'GB', 'KNT', 'Kent', 1),
	(3564, 222, 'GB', 'LANCS', 'Lancashire', 1),
	(3565, 222, 'GB', 'LEICS', 'Leicestershire', 1),
	(3566, 222, 'GB', 'LINCS', 'Lincolnshire', 1),
	(3567, 222, 'GB', 'MSY', 'Merseyside', 1),
	(3568, 222, 'GB', 'MERT', 'Merthyr Tydfil', 1),
	(3569, 222, 'GB', 'MLOT', 'Midlothian', 1),
	(3570, 222, 'GB', 'MMOUTH', 'Monmouthshire', 1),
	(3571, 222, 'GB', 'MORAY', 'Moray', 1),
	(3572, 222, 'GB', 'NPRTAL', 'Neath Port Talbot', 1),
	(3573, 222, 'GB', 'NEWPT', 'Newport', 1),
	(3574, 222, 'GB', 'NOR', 'Norfolk', 1),
	(3575, 222, 'GB', 'ARYN', 'North Ayrshire', 1),
	(3576, 222, 'GB', 'LANN', 'North Lanarkshire', 1),
	(3577, 222, 'GB', 'YSN', 'North Yorkshire', 1),
	(3578, 222, 'GB', 'NHM', 'Northamptonshire', 1),
	(3579, 222, 'GB', 'NLD', 'Northumberland', 1),
	(3580, 222, 'GB', 'NOT', 'Nottinghamshire', 1),
	(3581, 222, 'GB', 'ORK', 'Orkney Islands', 1),
	(3582, 222, 'GB', 'OFE', 'Oxfordshire', 1),
	(3583, 222, 'GB', 'PEM', 'Pembrokeshire', 1),
	(3584, 222, 'GB', 'PERTH', 'Perth and Kinross', 1),
	(3585, 222, 'GB', 'PWS', 'Powys', 1),
	(3586, 222, 'GB', 'REN', 'Renfrewshire', 1),
	(3587, 222, 'GB', 'RHON', 'Rhondda Cynon Taff', 1),
	(3588, 222, 'GB', 'RUT', 'Rutland', 1),
	(3589, 222, 'GB', 'BOR', 'Scottish Borders', 1),
	(3590, 222, 'GB', 'SHET', 'Shetland Islands', 1),
	(3591, 222, 'GB', 'SPE', 'Shropshire', 1),
	(3592, 222, 'GB', 'SOM', 'Somerset', 1),
	(3593, 222, 'GB', 'ARYS', 'South Ayrshire', 1),
	(3594, 222, 'GB', 'LANS', 'South Lanarkshire', 1),
	(3595, 222, 'GB', 'YSS', 'South Yorkshire', 1),
	(3596, 222, 'GB', 'SFD', 'Staffordshire', 1),
	(3597, 222, 'GB', 'STIR', 'Stirling', 1),
	(3598, 222, 'GB', 'SFK', 'Suffolk', 1),
	(3599, 222, 'GB', 'SRY', 'Surrey', 1),
	(3600, 222, 'GB', 'SWAN', 'Swansea', 1),
	(3601, 222, 'GB', 'TORF', 'Torfaen', 1),
	(3602, 222, 'GB', 'TWR', 'Tyne and Wear', 1),
	(3603, 222, 'GB', 'VGLAM', 'Vale of Glamorgan', 1),
	(3604, 222, 'GB', 'WARKS', 'Warwickshire', 1),
	(3605, 222, 'GB', 'WDUN', 'West Dunbartonshire', 1),
	(3606, 222, 'GB', 'WLOT', 'West Lothian', 1),
	(3607, 222, 'GB', 'WMD', 'West Midlands', 1),
	(3608, 222, 'GB', 'SXW', 'West Sussex', 1),
	(3609, 222, 'GB', 'YSW', 'West Yorkshire', 1),
	(3610, 222, 'GB', 'WIL', 'Western Isles', 1),
	(3611, 222, 'GB', 'WLT', 'Wiltshire', 1),
	(3612, 222, 'GB', 'WORCS', 'Worcestershire', 1),
	(3613, 222, 'GB', 'WRX', 'Wrexham', 1),
	(3614, 223, 'US', 'AL', 'Alabama', 1),
	(3615, 223, 'US', 'AK', 'Alaska', 1),
	(3616, 223, 'US', 'AS', 'American Samoa', 1),
	(3617, 223, 'US', 'AZ', 'Arizona', 1),
	(3618, 223, 'US', 'AR', 'Arkansas', 1),
	(3619, 223, 'US', 'AF', 'Armed Forces Africa', 1),
	(3620, 223, 'US', 'AA', 'Armed Forces Americas', 1),
	(3621, 223, 'US', 'AC', 'Armed Forces Canada', 1),
	(3622, 223, 'US', 'AE', 'Armed Forces Europe', 1),
	(3623, 223, 'US', 'AM', 'Armed Forces Middle East', 1),
	(3624, 223, 'US', 'AP', 'Armed Forces Pacific', 1),
	(3625, 223, 'US', 'CA', 'California', 1),
	(3626, 223, 'US', 'CO', 'Colorado', 1),
	(3627, 223, 'US', 'CT', 'Connecticut', 1),
	(3628, 223, 'US', 'DE', 'Delaware', 1),
	(3629, 223, 'US', 'DC', 'District of Columbia', 1),
	(3630, 223, 'US', 'FM', 'Federated States Of Micronesia', 1),
	(3631, 223, 'US', 'FL', 'Florida', 1),
	(3632, 223, 'US', 'GA', 'Georgia', 1),
	(3633, 223, 'US', 'GU', 'Guam', 1),
	(3634, 223, 'US', 'HI', 'Hawaii', 1),
	(3635, 223, 'US', 'ID', 'Idaho', 1),
	(3636, 223, 'US', 'IL', 'Illinois', 1),
	(3637, 223, 'US', 'IN', 'Indiana', 1),
	(3638, 223, 'US', 'IA', 'Iowa', 1),
	(3639, 223, 'US', 'KS', 'Kansas', 1),
	(3640, 223, 'US', 'KY', 'Kentucky', 1),
	(3641, 223, 'US', 'LA', 'Louisiana', 1),
	(3642, 223, 'US', 'ME', 'Maine', 1),
	(3643, 223, 'US', 'MH', 'Marshall Islands', 1),
	(3644, 223, 'US', 'MD', 'Maryland', 1),
	(3645, 223, 'US', 'MA', 'Massachusetts', 1),
	(3646, 223, 'US', 'MI', 'Michigan', 1),
	(3647, 223, 'US', 'MN', 'Minnesota', 1),
	(3648, 223, 'US', 'MS', 'Mississippi', 1),
	(3649, 223, 'US', 'MO', 'Missouri', 1),
	(3650, 223, 'US', 'MT', 'Montana', 1),
	(3651, 223, 'US', 'NE', 'Nebraska', 1),
	(3652, 223, 'US', 'NV', 'Nevada', 1),
	(3653, 223, 'US', 'NH', 'New Hampshire', 1),
	(3654, 223, 'US', 'NJ', 'New Jersey', 1),
	(3655, 223, 'US', 'NM', 'New Mexico', 1),
	(3656, 223, 'US', 'NY', 'New York', 1),
	(3657, 223, 'US', 'NC', 'North Carolina', 1),
	(3658, 223, 'US', 'ND', 'North Dakota', 1),
	(3659, 223, 'US', 'MP', 'Northern Mariana Islands', 1),
	(3660, 223, 'US', 'OH', 'Ohio', 1),
	(3661, 223, 'US', 'OK', 'Oklahoma', 1),
	(3662, 223, 'US', 'OR', 'Oregon', 1),
	(3663, 223, 'US', 'PW', 'Palau', 1),
	(3664, 223, 'US', 'PA', 'Pennsylvania', 1),
	(3665, 223, 'US', 'PR', 'Puerto Rico', 1),
	(3666, 223, 'US', 'RI', 'Rhode Island', 1),
	(3667, 223, 'US', 'SC', 'South Carolina', 1),
	(3668, 223, 'US', 'SD', 'South Dakota', 1),
	(3669, 223, 'US', 'TN', 'Tennessee', 1),
	(3670, 223, 'US', 'TX', 'Texas', 1),
	(3671, 223, 'US', 'UT', 'Utah', 1),
	(3672, 223, 'US', 'VT', 'Vermont', 1),
	(3673, 223, 'US', 'VI', 'Virgin Islands', 1),
	(3674, 223, 'US', 'VA', 'Virginia', 1),
	(3675, 223, 'US', 'WA', 'Washington', 1),
	(3676, 223, 'US', 'WV', 'West Virginia', 1),
	(3677, 223, 'US', 'WI', 'Wisconsin', 1),
	(3678, 223, 'US', 'WY', 'Wyoming', 1),
	(3679, 224, 'UM', 'BI', 'Baker Island', 1),
	(3680, 224, 'UM', 'HI', 'Howland Island', 1),
	(3681, 224, 'UM', 'JI', 'Jarvis Island', 1),
	(3682, 224, 'UM', 'JA', 'Johnston Atoll', 1),
	(3683, 224, 'UM', 'KR', 'Kingman Reef', 1),
	(3684, 224, 'UM', 'MA', 'Midway Atoll', 1),
	(3685, 224, 'UM', 'NI', 'Navassa Island', 1),
	(3686, 224, 'UM', 'PA', 'Palmyra Atoll', 1),
	(3687, 224, 'UM', 'WI', 'Wake Island', 1),
	(3688, 225, 'UY', 'AR', 'Artigas', 1),
	(3689, 225, 'UY', 'CA', 'Canelones', 1),
	(3690, 225, 'UY', 'CL', 'Cerro Largo', 1),
	(3691, 225, 'UY', 'CO', 'Colonia', 1),
	(3692, 225, 'UY', 'DU', 'Durazno', 1),
	(3693, 225, 'UY', 'FS', 'Flores', 1),
	(3694, 225, 'UY', 'FA', 'Florida', 1),
	(3695, 225, 'UY', 'LA', 'Lavalleja', 1),
	(3696, 225, 'UY', 'MA', 'Maldonado', 1),
	(3697, 225, 'UY', 'MO', 'Montevideo', 1),
	(3698, 225, 'UY', 'PA', 'Paysandu', 1),
	(3699, 225, 'UY', 'RN', 'Rio Negro', 1),
	(3700, 225, 'UY', 'RV', 'Rivera', 1),
	(3701, 225, 'UY', 'RO', 'Rocha', 1),
	(3702, 225, 'UY', 'SL', 'Salto', 1),
	(3703, 225, 'UY', 'SJ', 'San Jose', 1),
	(3704, 225, 'UY', 'SO', 'Soriano', 1),
	(3705, 225, 'UY', 'TA', 'Tacuarembo', 1),
	(3706, 225, 'UY', 'TT', 'Treinta y Tres', 1),
	(3707, 226, 'UZ', 'AN', 'Andijon', 1),
	(3708, 226, 'UZ', 'BU', 'Buxoro', 1),
	(3709, 226, 'UZ', 'FA', 'Farg\'ona', 1),
	(3710, 226, 'UZ', 'JI', 'Jizzax', 1),
	(3711, 226, 'UZ', 'NG', 'Namangan', 1),
	(3712, 226, 'UZ', 'NW', 'Navoiy', 1),
	(3713, 226, 'UZ', 'QA', 'Qashqadaryo', 1),
	(3714, 226, 'UZ', 'QR', 'Qoraqalpog\'iston Republikasi', 1),
	(3715, 226, 'UZ', 'SA', 'Samarqand', 1),
	(3716, 226, 'UZ', 'SI', 'Sirdaryo', 1),
	(3717, 226, 'UZ', 'SU', 'Surxondaryo', 1),
	(3718, 226, 'UZ', 'TK', 'Toshkent City', 1),
	(3719, 226, 'UZ', 'TO', 'Toshkent Region', 1),
	(3720, 226, 'UZ', 'XO', 'Xorazm', 1),
	(3721, 227, 'VU', 'MA', 'Malampa', 1),
	(3722, 227, 'VU', 'PE', 'Penama', 1),
	(3723, 227, 'VU', 'SA', 'Sanma', 1),
	(3724, 227, 'VU', 'SH', 'Shefa', 1),
	(3725, 227, 'VU', 'TA', 'Tafea', 1),
	(3726, 227, 'VU', 'TO', 'Torba', 1),
	(3727, 229, 'VE', 'AM', 'Amazonas', 1),
	(3728, 229, 'VE', 'AN', 'Anzoategui', 1),
	(3729, 229, 'VE', 'AP', 'Apure', 1),
	(3730, 229, 'VE', 'AR', 'Aragua', 1),
	(3731, 229, 'VE', 'BA', 'Barinas', 1),
	(3732, 229, 'VE', 'BO', 'Bolivar', 1),
	(3733, 229, 'VE', 'CA', 'Carabobo', 1),
	(3734, 229, 'VE', 'CO', 'Cojedes', 1),
	(3735, 229, 'VE', 'DA', 'Delta Amacuro', 1),
	(3736, 229, 'VE', 'DF', 'Dependencias Federales', 1),
	(3737, 229, 'VE', 'DI', 'Distrito Federal', 1),
	(3738, 229, 'VE', 'FA', 'Falcon', 1),
	(3739, 229, 'VE', 'GU', 'Guarico', 1),
	(3740, 229, 'VE', 'LA', 'Lara', 1),
	(3741, 229, 'VE', 'ME', 'Merida', 1),
	(3742, 229, 'VE', 'MI', 'Miranda', 1),
	(3743, 229, 'VE', 'MO', 'Monagas', 1),
	(3744, 229, 'VE', 'NE', 'Nueva Esparta', 1),
	(3745, 229, 'VE', 'PO', 'Portuguesa', 1),
	(3746, 229, 'VE', 'SU', 'Sucre', 1),
	(3747, 229, 'VE', 'TA', 'Tachira', 1),
	(3748, 229, 'VE', 'TR', 'Trujillo', 1),
	(3749, 229, 'VE', 'VA', 'Vargas', 1),
	(3750, 229, 'VE', 'YA', 'Yaracuy', 1),
	(3751, 229, 'VE', 'ZU', 'Zulia', 1),
	(3752, 230, 'VN', 'AG', 'An Giang', 1),
	(3753, 230, 'VN', 'BG', 'Bac Giang', 1),
	(3754, 230, 'VN', 'BK', 'Bac Kan', 1),
	(3755, 230, 'VN', 'BL', 'Bac Lieu', 1),
	(3756, 230, 'VN', 'BC', 'Bac Ninh', 1),
	(3757, 230, 'VN', 'BR', 'Ba Ria-Vung Tau', 1),
	(3758, 230, 'VN', 'BN', 'Ben Tre', 1),
	(3759, 230, 'VN', 'BH', 'Binh Dinh', 1),
	(3760, 230, 'VN', 'BU', 'Binh Duong', 1),
	(3761, 230, 'VN', 'BP', 'Binh Phuoc', 1),
	(3762, 230, 'VN', 'BT', 'Binh Thuan', 1),
	(3763, 230, 'VN', 'CM', 'Ca Mau', 1),
	(3764, 230, 'VN', 'CT', 'Can Tho', 1),
	(3765, 230, 'VN', 'CB', 'Cao Bang', 1),
	(3766, 230, 'VN', 'DL', 'Dak Lak', 1),
	(3767, 230, 'VN', 'DG', 'Dak Nong', 1),
	(3768, 230, 'VN', 'DN', 'Da Nang', 1),
	(3769, 230, 'VN', 'DB', 'Dien Bien', 1),
	(3770, 230, 'VN', 'DI', 'Dong Nai', 1),
	(3771, 230, 'VN', 'DT', 'Dong Thap', 1),
	(3772, 230, 'VN', 'GL', 'Gia Lai', 1),
	(3773, 230, 'VN', 'HG', 'Ha Giang', 1),
	(3774, 230, 'VN', 'HD', 'Hai Duong', 1),
	(3775, 230, 'VN', 'HP', 'Hai Phong', 1),
	(3776, 230, 'VN', 'HM', 'Ha Nam', 1),
	(3777, 230, 'VN', 'HI', 'Ha Noi', 1),
	(3778, 230, 'VN', 'HT', 'Ha Tay', 1),
	(3779, 230, 'VN', 'HH', 'Ha Tinh', 1),
	(3780, 230, 'VN', 'HB', 'Hoa Binh', 1),
	(3781, 230, 'VN', 'HC', 'Ho Chin Minh', 1),
	(3782, 230, 'VN', 'HU', 'Hau Giang', 1),
	(3783, 230, 'VN', 'HY', 'Hung Yen', 1),
	(3784, 232, 'VI', 'C', 'Saint Croix', 1),
	(3785, 232, 'VI', 'J', 'Saint John', 1),
	(3786, 232, 'VI', 'T', 'Saint Thomas', 1),
	(3787, 233, 'WF', 'A', 'Alo', 1),
	(3788, 233, 'WF', 'S', 'Sigave', 1),
	(3789, 233, 'WF', 'W', 'Wallis', 1),
	(3790, 235, 'YE', 'AB', 'Abyan', 1),
	(3791, 235, 'YE', 'AD', 'Adan', 1),
	(3792, 235, 'YE', 'AM', 'Amran', 1),
	(3793, 235, 'YE', 'BA', 'Al Bayda', 1),
	(3794, 235, 'YE', 'DA', 'Ad Dali', 1),
	(3795, 235, 'YE', 'DH', 'Dhamar', 1),
	(3796, 235, 'YE', 'HD', 'Hadramawt', 1),
	(3797, 235, 'YE', 'HJ', 'Hajjah', 1),
	(3798, 235, 'YE', 'HU', 'Al Hudaydah', 1),
	(3799, 235, 'YE', 'IB', 'Ibb', 1),
	(3800, 235, 'YE', 'JA', 'Al Jawf', 1),
	(3801, 235, 'YE', 'LA', 'Lahij', 1),
	(3802, 235, 'YE', 'MA', 'Ma\'rib', 1),
	(3803, 235, 'YE', 'MR', 'Al Mahrah', 1),
	(3804, 235, 'YE', 'MW', 'Al Mahwit', 1),
	(3805, 235, 'YE', 'SD', 'Sa\'dah', 1),
	(3806, 235, 'YE', 'SN', 'San\'a', 1),
	(3807, 235, 'YE', 'SH', 'Shabwah', 1),
	(3808, 235, 'YE', 'TA', 'Ta\'izz', 1),
	(3809, 236, 'YU', 'KOS', 'Kosovo', 1),
	(3810, 236, 'YU', 'MON', 'Montenegro', 1),
	(3811, 236, 'YU', 'SER', 'Serbia', 1),
	(3812, 236, 'YU', 'VOJ', 'Vojvodina', 1),
	(3813, 237, 'ZR', 'BC', 'Bas-Congo', 1),
	(3814, 237, 'ZR', 'BN', 'Bandundu', 1),
	(3815, 237, 'ZR', 'EQ', 'Equateur', 1),
	(3816, 237, 'ZR', 'KA', 'Katanga', 1),
	(3817, 237, 'ZR', 'KE', 'Kasai-Oriental', 1),
	(3818, 237, 'ZR', 'KN', 'Kinshasa', 1),
	(3819, 237, 'ZR', 'KW', 'Kasai-Occidental', 1),
	(3820, 237, 'ZR', 'MA', 'Maniema', 1),
	(3821, 237, 'ZR', 'NK', 'Nord-Kivu', 1),
	(3822, 237, 'ZR', 'OR', 'Orientale', 1),
	(3823, 237, 'ZR', 'SK', 'Sud-Kivu', 1),
	(3824, 238, 'ZM', 'CE', 'Central', 1),
	(3825, 238, 'ZM', 'CB', 'Copperbelt', 1),
	(3826, 238, 'ZM', 'EA', 'Eastern', 1),
	(3827, 238, 'ZM', 'LP', 'Luapula', 1),
	(3828, 238, 'ZM', 'LK', 'Lusaka', 1),
	(3829, 238, 'ZM', 'NO', 'Northern', 1),
	(3830, 238, 'ZM', 'NW', 'North-Western', 1),
	(3831, 238, 'ZM', 'SO', 'Southern', 1),
	(3832, 238, 'ZM', 'WE', 'Western', 1),
	(3833, 239, 'ZW', 'BU', 'Bulawayo', 1),
	(3834, 239, 'ZW', 'HA', 'Harare', 1),
	(3835, 239, 'ZW', 'ML', 'Manicaland', 1),
	(3836, 239, 'ZW', 'MC', 'Mashonaland Central', 1),
	(3837, 239, 'ZW', 'ME', 'Mashonaland East', 1),
	(3838, 239, 'ZW', 'MW', 'Mashonaland West', 1),
	(3839, 239, 'ZW', 'MV', 'Masvingo', 1),
	(3840, 239, 'ZW', 'MN', 'Matabeleland North', 1),
	(3841, 239, 'ZW', 'MS', 'Matabeleland South', 1),
	(3842, 239, 'ZW', 'MD', 'Midlands', 1),
	(3843, 99, 'IN', 'JH', 'Jharkhand', 1);
/*!40000 ALTER TABLE `state_master` ENABLE KEYS */;


-- Dumping structure for table bjois_advert.system_config
DROP TABLE IF EXISTS `system_config`;
CREATE TABLE IF NOT EXISTS `system_config` (
  `id` int(10) unsigned NOT NULL AUTO_INCREMENT,
  `system_section_id` int(10) unsigned DEFAULT NULL COMMENT 'Tab Group Name',
  `system_group_id` int(10) unsigned DEFAULT NULL COMMENT 'Tab Group Name',
  `name` varchar(100) CHARACTER SET latin1 DEFAULT NULL COMMENT 'Variable Key',
  `desc` text CHARACTER SET latin1 COMMENT 'Variable Key',
  `value` text CHARACTER SET latin1 COMMENT 'Variable Value',
  `input_type` enum('text','password','textarea','select','radio','checkbox','file','label') CHARACTER SET latin1 DEFAULT NULL COMMENT 'Input Type',
  `input_options` text CHARACTER SET latin1 COMMENT 'Serialize Array - key and value http://www.functions-online.com/serialize.html',
  `status` int(11) DEFAULT '0',
  `position` int(11) DEFAULT '0',
  PRIMARY KEY (`id`),
  KEY `FK_system_config_system_section` (`system_section_id`),
  KEY `FK_system_config_system_group` (`system_group_id`),
  CONSTRAINT `FK_system_config_system_group` FOREIGN KEY (`system_group_id`) REFERENCES `system_group` (`id`) ON DELETE NO ACTION ON UPDATE NO ACTION,
  CONSTRAINT `FK_system_config_system_section` FOREIGN KEY (`system_section_id`) REFERENCES `system_section` (`id`) ON DELETE NO ACTION ON UPDATE NO ACTION
) ENGINE=InnoDB AUTO_INCREMENT=85 DEFAULT CHARSET=utf8 ROW_FORMAT=COMPACT COMMENT='System Configuration';

-- Dumping data for table bjois_advert.system_config: ~34 rows (approximately)
/*!40000 ALTER TABLE `system_config` DISABLE KEYS */;
INSERT INTO `system_config` (`id`, `system_section_id`, `system_group_id`, `name`, `desc`, `value`, `input_type`, `input_options`, `status`, `position`) VALUES
	(1, 2, 1, 'site_name', NULL, 'Bjois', 'text', NULL, 1, NULL),
	(5, 3, 2, 'date_format', 'Yii Parser', 'dd/MM/yyyy', NULL, NULL, 0, 0),
	(6, 3, 2, 'datetime_format', 'Yii Parser', 'dd/MM/yyyy HH:mm', NULL, NULL, 0, 0),
	(8, 2, 1, 'copyright_text', NULL, 'Copyright &copy; 2012 Vikingweb. All screenshots &copy; their respective owners.', 'text', NULL, 1, 0),
	(9, 3, NULL, 'default_currency_symbol', NULL, 'â‚¬', NULL, NULL, 0, 0),
	(16, 3, 2, 'mysql_datetime_format', NULL, '%d.%m.%Y %h:%i %p', NULL, NULL, 0, 0),
	(17, 3, 2, 'mysql_date_format', NULL, '%d.%m.%Y', NULL, NULL, 0, 0),
	(18, 3, 2, 'mysql_time_format', NULL, '%h:%i %p', NULL, NULL, 0, 0),
	(19, 7, 1, 'system_email', 'System Email', 'info@bjois.com', NULL, NULL, 1, 0),
	(21, 3, 2, 'mysql_short_date_format', NULL, '<b>%a %d,</b><span style="text-transform:uppercase;">%b</span>', NULL, NULL, 0, 0),
	(23, 3, 2, 'time_format', 'Yii Parser', 'HH:mm', NULL, NULL, 0, 0),
	(24, 3, 2, 'js_time_format', '', 'hh:mm', NULL, NULL, 0, 0),
	(25, 3, 2, 'js_datetime_format', '', 'dd/mm/yy hh:mm', NULL, NULL, 0, 0),
	(26, 3, 2, 'js_date_format', '', 'dd/mm/yy', NULL, NULL, 0, 0),
	(27, 3, 2, 'php_time_format', NULL, 'H:i', NULL, NULL, 0, 0),
	(28, 3, 2, 'php_datetime_format', NULL, 'd/m/Y H:i', NULL, NULL, 0, 0),
	(29, 3, 2, 'php_date_format', NULL, 'd/m/Y', NULL, NULL, 0, 0),
	(30, 3, 2, 'datetime_format_mysql', 'Yii Parser', 'yyyy-MM-dd HH:mm:ss', NULL, NULL, 0, 0),
	(31, 3, 2, 'date_short_format_mysql', 'Yii Parser', 'yyyy-MM-dd', NULL, NULL, 0, 0),
	(32, 3, 2, 'time_format_mysql', 'Yii Parser', 'HH:mm:ss', NULL, NULL, 0, 0),
	(33, 3, 2, 'php_datetime_format_mysql', NULL, 'Y-m-d H:i:s', NULL, NULL, 0, 0),
	(34, 3, 2, 'php_date_format_mysql', NULL, 'Y-m-d', NULL, NULL, 0, 0),
	(35, 3, 2, 'php_time_format_mysql', NULL, 'H:i:s', NULL, NULL, 0, 0),
	(36, 2, 1, 'site_title', NULL, 'Bjois', 'text', NULL, 1, 1),
	(37, 2, 1, 'site_meta_desc', NULL, 'Bjois', 'text', NULL, 1, 1),
	(38, 2, 1, 'site_meta_keywords', NULL, 'Bjois', 'text', NULL, 1, 1),
	(72, 2, 1, 'facebook_page_url', NULL, 'http://facebook.com', 'text', NULL, 1, 1),
	(73, 2, 1, 'twitter_page_url', NULL, 'http://tweeter.com', 'text', NULL, 1, 1),
	(74, 1, 1, 'row_per_grid', NULL, '10', 'text', NULL, 1, 1),
	(78, 2, 1, 'admin_theme', NULL, 'admin_base', 'text', NULL, 1, 1),
	(79, 2, 1, 'admin_skin', NULL, 'dark', 'text', NULL, 1, 1),
	(82, 2, 1, 'system_version', 'System Current Version', '1.0.0.0', 'text', NULL, 1, NULL),
	(83, 2, 1, 'front_theme', NULL, 'orange', 'text', NULL, 1, NULL),
	(84, 2, 1, 'front_skin', NULL, 'orange', 'text', NULL, 1, NULL);
/*!40000 ALTER TABLE `system_config` ENABLE KEYS */;


-- Dumping structure for table bjois_advert.system_group
DROP TABLE IF EXISTS `system_group`;
CREATE TABLE IF NOT EXISTS `system_group` (
  `id` int(10) unsigned NOT NULL AUTO_INCREMENT,
  `name` varchar(50) CHARACTER SET latin1 DEFAULT NULL,
  `position` int(10) DEFAULT NULL,
  `status` int(1) DEFAULT '1',
  PRIMARY KEY (`id`)
) ENGINE=InnoDB AUTO_INCREMENT=3 DEFAULT CHARSET=utf8 ROW_FORMAT=COMPACT;

-- Dumping data for table bjois_advert.system_group: ~2 rows (approximately)
/*!40000 ALTER TABLE `system_group` DISABLE KEYS */;
INSERT INTO `system_group` (`id`, `name`, `position`, `status`) VALUES
	(1, 'General', 1, 1),
	(2, 'Locale', 1, 0);
/*!40000 ALTER TABLE `system_group` ENABLE KEYS */;


-- Dumping structure for table bjois_advert.system_section
DROP TABLE IF EXISTS `system_section`;
CREATE TABLE IF NOT EXISTS `system_section` (
  `id` int(10) unsigned NOT NULL AUTO_INCREMENT,
  `name` varchar(50) CHARACTER SET latin1 DEFAULT NULL,
  `position` int(10) DEFAULT NULL,
  `status` int(1) DEFAULT '1',
  PRIMARY KEY (`id`)
) ENGINE=InnoDB AUTO_INCREMENT=8 DEFAULT CHARSET=utf8 ROW_FORMAT=COMPACT;

-- Dumping data for table bjois_advert.system_section: ~4 rows (approximately)
/*!40000 ALTER TABLE `system_section` DISABLE KEYS */;
INSERT INTO `system_section` (`id`, `name`, `position`, `status`) VALUES
	(1, 'System', 1, 1),
	(2, 'Admin', 1, 0),
	(3, 'Locale', 1, 0),
	(7, 'Email', 1, 1);
/*!40000 ALTER TABLE `system_section` ENABLE KEYS */;


-- Dumping structure for table bjois_advert.user_role
DROP TABLE IF EXISTS `user_role`;
CREATE TABLE IF NOT EXISTS `user_role` (
  `id` int(10) unsigned NOT NULL AUTO_INCREMENT COMMENT 'Role ID',
  `module_id` int(10) unsigned NOT NULL DEFAULT '0' COMMENT 'module id',
  `parent_id` int(10) unsigned NOT NULL DEFAULT '0' COMMENT 'Parent Role ID',
  `tree_level` smallint(5) unsigned NOT NULL DEFAULT '0' COMMENT 'Role Tree Level',
  `sort_order` smallint(5) unsigned NOT NULL DEFAULT '0' COMMENT 'Role Sort Order',
  `role_name` varchar(50) NOT NULL COMMENT 'Role Name',
  `role_desc` text NOT NULL COMMENT 'RoleShort Descriptions',
  `is_publish` tinyint(1) NOT NULL COMMENT 'is published or not 1 or 0',
  PRIMARY KEY (`id`),
  KEY `IDX_ADMIN_ROLE_PARENT_ID_SORT_ORDER` (`parent_id`,`sort_order`),
  KEY `IDX_ADMIN_ROLE_TREE_LEVEL` (`tree_level`),
  KEY `FK_user_role_module` (`module_id`),
  CONSTRAINT `FK_user_role_module` FOREIGN KEY (`module_id`) REFERENCES `module` (`id`) ON DELETE CASCADE ON UPDATE CASCADE
) ENGINE=InnoDB AUTO_INCREMENT=7 DEFAULT CHARSET=utf8 COMMENT='User Role Table';

-- Dumping data for table bjois_advert.user_role: ~6 rows (approximately)
/*!40000 ALTER TABLE `user_role` DISABLE KEYS */;
INSERT INTO `user_role` (`id`, `module_id`, `parent_id`, `tree_level`, `sort_order`, `role_name`, `role_desc`, `is_publish`) VALUES
	(1, 1, 0, 0, 0, 'Super Admin', '', 1),
	(2, 1, 1, 0, 0, 'Admin', '', 1),
	(3, 2, 0, 0, 0, 'Seller', '', 1),
	(4, 2, 0, 0, 0, 'Buyer', '', 1),
	(5, 2, 0, 0, 0, 'Service Provider', '', 1),
	(6, 2, 0, 0, 0, 'Service Request', '', 1);
/*!40000 ALTER TABLE `user_role` ENABLE KEYS */;


-- Dumping structure for table bjois_advert.user_rules
DROP TABLE IF EXISTS `user_rules`;
CREATE TABLE IF NOT EXISTS `user_rules` (
  `id` int(10) unsigned NOT NULL AUTO_INCREMENT COMMENT 'Rule ID',
  `role_id` int(10) unsigned NOT NULL DEFAULT '0' COMMENT 'Role ID',
  `module_id` int(10) unsigned NOT NULL COMMENT 'Module ID',
  `role_desc` varchar(255) DEFAULT NULL COMMENT 'Role Descriptions',
  `privileges_controller` varchar(100) DEFAULT NULL COMMENT 'Privileges - Controller',
  `privileges_actions` varchar(100) DEFAULT NULL COMMENT 'Privileges - Action,Action',
  `permission` enum('allow','deny') DEFAULT NULL COMMENT 'Permission - 1 AND 0',
  `permission_type` varchar(255) DEFAULT NULL COMMENT 'Permission type *=allow all user, @=authenticate user only, ''<str>'' = allow specific user type | multiple[, comma seperated]',
  PRIMARY KEY (`id`),
  UNIQUE KEY `uniquedata` (`role_id`,`module_id`,`privileges_controller`,`privileges_actions`,`permission`,`permission_type`),
  KEY `FK_user_rules_user_role` (`role_id`),
  KEY `FK_user_rules_module` (`module_id`),
  CONSTRAINT `FK_user_rules_module` FOREIGN KEY (`module_id`) REFERENCES `module` (`id`) ON DELETE CASCADE ON UPDATE CASCADE,
  CONSTRAINT `FK_user_rules_user_role` FOREIGN KEY (`role_id`) REFERENCES `user_role` (`id`) ON DELETE CASCADE ON UPDATE CASCADE
) ENGINE=InnoDB AUTO_INCREMENT=2 DEFAULT CHARSET=utf8 COMMENT='User Rule Table';

-- Dumping data for table bjois_advert.user_rules: ~1 rows (approximately)
/*!40000 ALTER TABLE `user_rules` DISABLE KEYS */;
INSERT INTO `user_rules` (`id`, `role_id`, `module_id`, `role_desc`, `privileges_controller`, `privileges_actions`, `permission`, `permission_type`) VALUES
	(1, 1, 1, NULL, 'AdminUser', 'index', 'allow', '1');
/*!40000 ALTER TABLE `user_rules` ENABLE KEYS */;


-- Dumping structure for table bjois_advert.user_rules_menu
DROP TABLE IF EXISTS `user_rules_menu`;
CREATE TABLE IF NOT EXISTS `user_rules_menu` (
  `id` int(10) unsigned NOT NULL AUTO_INCREMENT COMMENT 'Menu Id',
  `parent_id` int(10) unsigned NOT NULL DEFAULT '0' COMMENT 'Menu Parent Id',
  `rule_id` int(10) unsigned NOT NULL DEFAULT '0' COMMENT 'Rule ID',
  `module_id` int(10) unsigned NOT NULL DEFAULT '0' COMMENT 'Rule ID',
  `label` varchar(50) NOT NULL COMMENT 'label text',
  `icon` varchar(50) NOT NULL COMMENT 'label text',
  `url` varchar(255) NOT NULL COMMENT 'menu url',
  `position` mediumint(5) unsigned NOT NULL COMMENT 'position for sortby',
  `is_active` tinyint(1) unsigned NOT NULL COMMENT 'is active',
  PRIMARY KEY (`id`),
  KEY `FK_user_rules_menu_user_rules` (`rule_id`),
  KEY `FK_user_rules_menu_module` (`module_id`),
  CONSTRAINT `FK_user_rules_menu_module` FOREIGN KEY (`module_id`) REFERENCES `module` (`id`) ON DELETE CASCADE ON UPDATE CASCADE,
  CONSTRAINT `FK_user_rules_menu_user_rules` FOREIGN KEY (`rule_id`) REFERENCES `user_rules` (`id`) ON DELETE CASCADE ON UPDATE CASCADE
) ENGINE=InnoDB AUTO_INCREMENT=20 DEFAULT CHARSET=utf8 ROW_FORMAT=COMPACT COMMENT='User Rules Menu Table';

-- Dumping data for table bjois_advert.user_rules_menu: ~6 rows (approximately)
/*!40000 ALTER TABLE `user_rules_menu` DISABLE KEYS */;
INSERT INTO `user_rules_menu` (`id`, `parent_id`, `rule_id`, `module_id`, `label`, `icon`, `url`, `position`, `is_active`) VALUES
	(1, 0, 1, 1, 'Home', '', '/admin/index', 0, 1),
	(2, 0, 1, 1, 'Admin Management', '', '/admin/adminUser/admin', 1, 1),
	(3, 2, 1, 1, 'Admin', '', '/admin/User/index', 2, 0),
	(4, 2, 1, 1, 'Member', '', '/admin/User/index', 2, 0),
	(18, 2, 1, 1, 'User Role Manager', '', '/admin/UserRole/admin', 3, 0),
	(19, 0, 1, 1, 'Bjois Users', '', '/admin/bjoisUsers/admin', 3, 1);
/*!40000 ALTER TABLE `user_rules_menu` ENABLE KEYS */;
/*!40014 SET FOREIGN_KEY_CHECKS=1 */;
/*!40101 SET CHARACTER_SET_CLIENT=@OLD_CHARACTER_SET_CLIENT */;
